필지고유번호(PNU),주소,도로명 주소
4.21301E+18,단계동 1221,서원대로 35
4.21301E+18,단구동 1597-4,서원대로 480
4.21304E+18,신림면 황둔리 1726-6,신림황둔로 564-3
4.21304E+18,신림면 황둔리 1594-3,신림황둔로 645-13
4.21304E+18,신림면 성남리 87,신림황둔로 281-44
4.21303E+18,지정면 월송리 992,월송석화로 570
4.21303E+18,지정면 월송리 739-3,월송석화로 290
4.21303E+18,소초면 장양리 1254-13,가현로 354
4.21303E+18,문막읍 건등리 1707-15,건등로 24-15
4.21304E+18,부론면 노림리 1297,견훤로 689-38
4.21304E+18,부론면 노림리 1297,견훤로 689-38
4.21304E+18,부론면 노림리 548,견훤로 739
4.21303E+18,문막읍 후용리 1534-1,견훤로 941-102
4.21303E+18,문막읍 후용리 1007,견훤로 1079-27
4.21303E+18,문막읍 후용리 606-10,견훤로 914-5
4.21303E+18,소초면 학곡리 158-2,구룡사로 108-26
4.21304E+18,귀래면 귀래리 630-7,귀문로 402
4.21303E+18,문막읍 비두리 1727,귀문로 771-5
4.21301E+18,일산동 274-4,남산로 115
4.21304E+18,흥업면 흥업리 570-3,남원로 20-16
4.21301E+18,단구동 724-18,단구로 339-1
4.21304E+18,흥업면 대안리 2206-3,대안로 386
4.21301E+18,행구동 1775-3,동부순환로 338-6
4.21303E+18,문막읍 동화리 1039-29,동화공단로 174-13
4.21301E+18,무실동 1761-1,로아노크로 96-1
4.21301E+18,무실동 412,만대로 16-6
4.21303E+18,호저면 매호리 782,매호로 143
4.21303E+18,호저면 매호리 782,매호로 143
4.21304E+18,부론면 정산리 2061-16,부론로 247
4.21304E+18,부론면 정산리 2060-9,부론로 261-9
4.21304E+18,부론면 정산리 1599-2,부론로 544
4.21304E+18,부론면 법천리 1158-11,부론로 198-5
4.21304E+18,흥업면 사제리 1184-4,사제로 401-20
4.21304E+18,흥업면 사제리 954-6,사제로 299-17
4.21303E+18,소초면 평장리 1071,섬배로 245-1
4.21303E+18,지정면 신평리 724-5,신무로 312
4.21303E+18,지정면 신평리 724-5,신무로 312
4.21303E+18,문막읍 동화리 1091-1,왕건로 161
4.21301E+18,우산동 390-5,우산로 177
4.21301E+18,우산동 390-3,우산로 177
4.21303E+18,소초면 흥양리 87,운곡로 310
4.21303E+18,소초면 흥양리 87,운곡로 310
4.21301E+18,행구동 426,운곡로 220
4.21303E+18,문막읍 대둔리 108,원문로 2726
4.21303E+18,문막읍 대둔리 108,원문로 2726
4.21303E+18,문막읍 대둔리 83,원문로 2716-41
4.21303E+18,문막읍 반계리 790-4,원문로 2561-2
4.21303E+18,문막읍 반계리 790-4,원문로 2561-2
4.21303E+18,문막읍 반계리 101,원문로 2146
4.21303E+18,지정면 안창리 822,원양2로 315
4.21304E+18,부론면 정산리 238-1,정산로 232-18
4.21303E+18,지정면 가곡리 1476,조엄로 393
4.21303E+18,지정면 가곡리 1470-1,조엄로 397
4.21303E+18,지정면 가곡리 1470-1,조엄로 397
4.21303E+18,지정면 가곡리 1283-3,조엄로 347
4.21303E+18,지정면 가곡리 142-4,지래울로 110-27
4.21303E+18,지정면 판대리 157-31,지정로 1025-18
4.21303E+18,문막읍 취병리 794-3,취병로 659-10
4.21304E+18,신림면 신림리 770-3,치악로 58-22
4.21304E+18,판부면 금대리 835-2,치악로 999-68
4.21303E+18,소초면 교항리 170-6,치악로 3230-5
4.21301E+18,태장동 718,치악로 2006-3
4.21301E+18,태장동 333,치악로 2230
4.21301E+18,단구동 224,치악로 1692
4.21301E+18,단구동 192-1,치악로 1626-19
4.21303E+18,호저면 산현리 624,칠봉로 497
4.21303E+18,호저면 산현리 216,칠봉로 339
4.21303E+18,호저면 용곡리 322-8,칠봉로 840-74
4.21303E+18,호저면 주산리 992-12,칠봉로 109-128
4.21303E+18,호저면 주산리 992-12,칠봉로 109-127
4.21301E+18,행구동 1765-2,행구로 182
4.21301E+18,행구동 1552-1,행구로 267-25
4.21301E+18,행구동 1356-27,행구로 326-40
4.21301E+18,봉산동 865-18,행구로 127-1
4.21301E+18,태장동 897-23,현충로 144-11
4.21301E+18,태장동 888-11,현충로 140-2
4.21303E+18,호저면 고산리 159-12,호저로 1163-7
4.21303E+18,호저면 고산리 148,호저로 1277-7
4.21303E+18,소초면 흥양리 310,황골로 455-3
4.21303E+18,소초면 흥양리 308,황골로 442-9
4.21303E+18,소초면 흥양리 94-4,황골로 442-38
4.21303E+18,지정면 월송리 218,신평석화로 346-20
4.21304E+18,귀래면 운남리 966-4,부귀로 1955
4.21304E+18,귀래면 운남리 966-4,부귀로 1955
4.21304E+18,귀래면 운남리 966-4,부귀로 1955
4.21304E+18,흥업면 매지리 1059-2,북원로 1243
4.21304E+18,귀래면 운계리 679-2,북원로 349
4.21303E+18,소초면 장양리 1310,북원로 2955
4.21301E+18,무실동 1060-2,북원로 1931
4.21301E+18,무실동 1019-9,북원로 1891
4.21304E+18,신림면 성남리 158-8,성남로 58-1
4.21303E+18,문막읍 반계리 2273-8,반산1로 24
4.21303E+18,문막읍 반계리 2255-7,반산2로 98
4.21301E+18,단계동 1173-2,봉화서부로 22-2
4.21301E+18,반곡동 1963-19,혁신로 301-15
4.21301E+18,반곡동 1860-8,혁신로 5
4.21301E+18,반곡동 1816-2,배울로 215
4.21303E+18,지정면 신평리 1057,기업도시로 125
4.21303E+18,지정면 가곡리 1344-5,무릉로 39
4.21303E+18,지정면 가곡리 1344-4,무릉로 43
4.21303E+18,지정면 가곡리 1512,신지정로 250
4.21303E+18,지정면 가곡리 1501,신지정로 300
4.21303E+18,지정면 가곡리 1501,신지정로 300
4.21303E+18,지정면 가곡리 1370-5,신지정로 201-3
4.21303E+18,지정면 가곡리 1349-2,신지정로 172
4.21303E+18,지정면 가곡리 1405-3,신지정로 167-2
4.21303E+18,지정면 가곡리 1405-2,신지정로 167-1
4.21303E+18,지정면 가곡리 1381-1,신지정로 191-1
4.21303E+18,지정면 가곡리 1370-2,신지정로 201-1
4.21303E+18,지정면 가곡리 1364-2,신지정로 205-2
4.21303E+18,지정면 가곡리 1576-17,신평로 115-11
4.21301E+18,반곡동 1413-14,반곡초교로 84
4.21303E+18,지정면 가곡리 769,가곡새말길 16
4.21303E+18,지정면 가곡리 729,가곡새말길 59
4.21303E+18,호저면 만종리 436,감박산길 66
4.21303E+18,호저면 만종리 432-2,감박산길 84
4.21303E+18,소초면 수암리 1504,갓바우길 101-9
4.21301E+18,봉산동 779-11,개륜1길 50-44
4.21301E+18,봉산동 737-1,개륜1길 104
4.21303E+18,호저면 광격리 433,고산동막길 162-18
4.21304E+18,귀래면 귀래리 81-5,곰네미길 23-14
4.21301E+18,단구동 643-1,관후길 24-1
4.21303E+18,호저면 광격리 285-2,광격샘골길 54-34
4.21303E+18,문막읍 궁촌리 619-17,궁말길 32-58
4.21304E+18,귀래면 귀래리 285,귀운길 217-4
4.21304E+18,귀래면 운계리 427,까치락길 56
4.21304E+18,귀래면 운계리 427,까치락길 56
4.21301E+18,행구동 59-2,꽃밭머리길 13-1
4.21301E+18,행구동 692-7,끝에담길 39
4.21301E+18,원동 310-13,남산로48번길 42-7
4.21301E+18,개운동 350-16,남원로602번길 24
4.21304E+18,판부면 서곡리 508,내남송길 19-3
4.21304E+18,판부면 서곡리 330-11,내남송길 96-10
4.21304E+18,판부면 서곡리 330-11,내남송길 96-10
4.21304E+18,판부면 서곡리 142,내남송길 103
4.21304E+18,판부면 서곡리 925,내도매길 102-4
4.21304E+18,판부면 서곡리 1187-33,내동막길 35-24
4.21303E+18,소초면 흥양리 295-22,대왕고개길 47
4.21303E+18,소초면 흥양리 293-52,대왕고개길 51-10
4.21301E+18,행구동 451,덕성길 46-14
4.21301E+18,개운동 386-25,도말리길 61
4.21303E+18,문막읍 건등리 178-75,동건길 123-117
4.21303E+18,문막읍 건등리 179-8,동건길 91-10
4.21303E+18,문막읍 건등리 178-76,동건길 123-115
4.21303E+18,문막읍 건등리 175-1,동건길 91-13
4.21303E+18,문막읍 건등리 167,동건길 103-10
4.21303E+18,문막읍 동화리 670-9,동건길 39
4.21303E+18,문막읍 동화리 632-11,동건길 123-55
4.21303E+18,문막읍 동화리 190-1,동화골길 93-10
4.21301E+18,무실동 1499-5,둔전길 177-3
4.21303E+18,호저면 옥산리 167-1,마근거리길 99
4.21304E+18,신림면 신림리 95,마지동길 79-8
4.21303E+18,호저면 주산리 662-1,막골길 81-9
4.21303E+18,문막읍 궁촌리 1002-5,만디길 31
4.21303E+18,문막읍 건등리 18-12,명봉산길 134-31
4.21303E+18,문막읍 건등리 73-1,명봉산길 127
4.21303E+18,소초면 학곡리 856,무쇠점1길 12-3
4.21304E+18,흥업면 매지리 405-21,무수막1길 5
4.21304E+18,신림면 성남리 198-3,무시정길 11-43
4.21301E+18,무실동 137-4,무실밤골길 87
4.21303E+18,문막읍 반계리 2242,문막공단길 128
4.21303E+18,문막읍 반계리 2236-6,문막공단길 187
4.21303E+18,문막읍 반계리 5-29,문막공단길 216
4.21303E+18,문막읍 취병리 17-10,문막공단길 276-2
4.21304E+18,귀래면 운계리 1244-3,미륵산길 18
4.21304E+18,흥업면 매지리 992-1,미촌길 27-8
4.21304E+18,흥업면 매지리 968-3,미촌길 43
4.21301E+18,반곡동 1617,반곡길 142
4.21301E+18,반곡동 1585-12,반곡길 87
4.21304E+18,신림면 구학리 452-2,방학동길 188-22
4.21304E+18,귀래면 운남리 331,배골길 15
4.21303E+18,소초면 학곡리 112,백교안길 54
4.21304E+18,판부면 서곡리 998,백운정길 1-36
4.21301E+18,봉산동 233,번재길 388-1
4.21303E+18,문막읍 반계리 1752-8,벌무내기길 73-5
4.21303E+18,문막읍 반계리 663-1,벌무내기길 14-23
4.21303E+18,호저면 고산리 560-7,병골길 63
4.21303E+18,지정면 보통리 400-12,보통안길 71-5
4.21301E+18,반곡동 307-8,봉대길 41-1
4.21301E+18,반곡동 248-8,봉대길 33-24
4.21304E+18,흥업면 사제리 73-1,봉현길 118-14
4.21301E+18,단계동 77-52,북원로2425번길 25-53
4.21301E+18,우산동 243-7,북원로2475번길 46
4.21304E+18,부론면 단강리 240-1,사기막길 103-43
4.21303E+18,문막읍 반계리 862,사자골길 314
4.21303E+18,문막읍 비두리 1818-1,사흥길 2-39
4.21303E+18,소초면 흥양리 820-8,상초구길 37-70
4.21304E+18,부론면 손곡리 86-4,서지길 90
4.21301E+18,행구동 638-3,서천담길 12-3
4.21303E+18,문막읍 건등리 1063-44,석지1길 282
4.21304E+18,신림면 구학리 137,선학길 100
4.21301E+18,관설동 426-1,섭재길 91-3
4.21301E+18,반곡동 663-4,섭재삼보길 191
4.21301E+18,반곡동 605-15,섭재삼보길 160-17
4.21301E+18,반곡동 551-7,섭재삼보길 236-1
4.21304E+18,신림면 황둔리 601,소야2길 30
4.21303E+18,소초면 흥양리 1181-30,송황유사길 92
4.21303E+18,소초면 수암리 1312-3,수래울길 86-1
4.21304E+18,흥업면 사제리 1660,수루니길 40
4.21304E+18,흥업면 대안리 700-4,승안동길 146-6
4.21304E+18,흥업면 대안리 664-40,승안동길 146-67
4.21304E+18,흥업면 대안리 386,승안동길 69
4.21303E+18,소초면 수암리 650-8,신양선녀길 306-1
4.21304E+18,판부면 서곡리 541,안담길 27-2
4.21304E+18,신림면 신림리 830,역골길 91-26
4.21304E+18,신림면 용암리 83-3,연봉정길 48-18
4.21304E+18,신림면 용암리 59-5,연봉정길 134-8
4.21301E+18,행구동 1658-16,영랑길 99-7
4.21301E+18,행구동 1488-6,영랑길 140
4.21303E+18,호저면 광격리 1124-12,영산길 18-53
4.21304E+18,판부면 금대리 405-12,영원산성길 171
4.21301E+18,단구동 1721,오성마을길 63-25
4.21301E+18,단구동 1721,오성마을길 63-25
4.21301E+18,단구동 1711,오성마을길 63-30
4.21303E+18,지정면 간현리 273,오얏길 26
4.21303E+18,지정면 가곡리 838-33,요대길 24-15
4.21304E+18,흥업면 사제리 1377-1,요동길 40
4.21304E+18,판부면 서곡리 2030-5,용수골길 380-6
4.21304E+18,판부면 서곡리 875-48,용수골길 126-2
4.21301E+18,우산동 739-2,우무개1길 30-1
4.21301E+18,봉산동 902-208,우물시장길 68-5
4.21304E+18,귀래면 운계리 612-7,운계다둔길 20-1
4.21304E+18,귀래면 운계리 610-2,운계다둔길 20
4.21304E+18,귀래면 운계리 147,운계다둔길 113-52
4.21304E+18,귀래면 운남리 1244-6,운남길 111
4.21304E+18,귀래면 운남리 1244,운남길 115
4.21304E+18,귀래면 운남리 302-6,운남길 199
4.21303E+18,호저면 만종리 645-3,운동들1길 18-4
4.21303E+18,호저면 만종리 1081-6,운동들2길 32-4
4.21303E+18,문막읍 건등리 854-2,원평길 43-7
4.21303E+18,문막읍 건등리 391-1,원평길 100-25
4.21301E+18,일산동 234-8,일산초교길 53
4.21303E+18,지정면 보통리 300-6,작압길 80-77
4.21301E+18,태장동 1969-5,장전길 96
4.21301E+18,가현동 695-3,저금어지길 311-22
4.21301E+18,가현동 664,저금어지길 330
4.21301E+18,학성동 517,정지길 195-13
4.21304E+18,귀래면 주포리 275-4,주포안말길 20-10
4.21303E+18,호저면 만종리 807-1,중부동2길 36-1
4.21301E+18,무실동 721-21,지니기길 99-20
4.21301E+18,무실동 708-9,지니기길 11-20
4.21304E+18,귀래면 용암리 512-1,지둔길 6
4.21304E+18,귀래면 용암리 387,지둔길 90-2
4.21303E+18,문막읍 문막리 206,천마산길 34
4.21304E+18,신림면 황둔리 137-5,청룡샘말길 47-15
4.21304E+18,판부면 서곡리 8-11,취실길 46-4
4.21303E+18,소초면 학곡리 299,칠송윗길 101-13
4.21301E+18,관설동 654-7,판부신촌길 29-3
4.21304E+18,흥업면 사제리 1295,팔포길 56
4.21304E+18,부론면 정산리 558,학고개길 75
4.21304E+18,부론면 정산리 558,학고개길 75
4.21304E+18,부론면 정산리 558,학고개길 75
4.21304E+18,부론면 정산리 477,학고개길 75
4.21304E+18,부론면 정산리 477,학고개길 75
4.21304E+18,부론면 정산리 477,학고개길 75
4.21301E+18,학성동 1029-1,학성길 33-6
4.21301E+18,무실동 1115-1,행가리1길 4-2
4.21301E+18,행구동 774-2,행구덕현길 81-15
4.21301E+18,태장동 689-10,현충로58번길 12
4.21303E+18,호저면 주산리 1457-7,호저문화1길 39-1
4.21303E+18,호저면 주산리 1442-8,호저문화2길 14-4
4.21304E+18,신림면 금창리 52-1,흑천길 71-14
4.21301E+18,태장동 1054-51,흥양로18번길 19-47
4.21301E+18,태장동 2793,흥양로51번길 40
4.21303E+18,호저면 주산리 1297,호매곡1길 201-23
4.21304E+18,흥업면 대안리 779-42,대안천길 52-9
4.21304E+18,흥업면 대안리 779-31,대안천길 52-8
4.21301E+18,반곡동 1954-1,금두길 1
4.21301E+18,반곡동 2038-12,달마중2길 16-1
4.21303E+18,지정면 신평리 1159-33,신평1길 61
4.21303E+18,호저면 매호리 194-6,향산길 145-5
4.21301E+18,반곡동 110-5,뱅이둑길 77-37
4.21303E+18,지정면 가곡리 1441-3,능마루길 4
4.21301E+18,태장동 2802-5,보수골1길 37
4.21303E+18,소초면 의관리 39,둔둔정승골길 28
4.21304E+18,부론면 노림리 1294,장살미길 180-1
4.21304E+18,부론면 노림리 1285,장살미길 181-1
4.21301E+18,단계동 1221,서원대로 35
4.21301E+18,단계동 1221,서원대로 35
4.21301E+18,명륜동 779,서원대로 308-6
4.21304E+18,신림면 황둔리 1596-17,신림황둔로 647-6
4.21304E+18,신림면 황둔리 1596-7,신림황둔로 647-15
4.21304E+18,신림면 황둔리 1543-5,신림황둔로 708-2
4.21304E+18,신림면 황둔리 574-6,신림황둔로 1070-10
4.21304E+18,신림면 신림리 541-5,신림황둔로 39
4.21304E+18,신림면 신림리 217-18,신림황둔로 190
4.21304E+18,신림면 신림리 120-22,신림황둔로 72
4.21303E+18,호저면 광격리 1017-3,광학로 141-1
4.21303E+18,호저면 광격리 561-22,광학로 163-4
4.21301E+18,가현동 260,가현로 186
4.21301E+18,가현동 260,가현로 186
4.21301E+18,개운동 403-22,개운로 81-1
4.21304E+18,부론면 노림리 1297,견훤로 689-38
4.21303E+18,문막읍 후용리 1007,견훤로 1079-27
4.21304E+18,귀래면 귀래리 1788-3,귀문로 638-1
4.21304E+18,판부면 서곡리 635,남원로 272-9
4.21304E+18,판부면 서곡리 618-5,남원로 288-4
4.21304E+18,판부면 서곡리 595-53,남원로 246-1
4.21301E+18,개운동 452-16,남원로 558
4.21301E+18,단구동 701-3,단구로 328
4.21304E+18,흥업면 대안리 941-2,대안로 950
4.21303E+18,소초면 수암리 1603-4,동부순환로 809
4.21301E+18,반곡동 1186-9,동부순환로 33-4
4.21301E+18,행구동 1775-3,동부순환로 338-6
4.21301E+18,행구동 1775-3,동부순환로 338-6
4.21301E+18,행구동 1740,동부순환로 302
4.21303E+18,호저면 매호리 782,매호로 143
4.21304E+18,부론면 법천리 1868,법후로 213-57
4.21303E+18,지정면 보통리 7-17,보통로 577-9
4.21303E+18,문막읍 동화리 57-4,보통로 165
4.21304E+18,부론면 정산리 2061-22,부론로 247
4.21304E+18,부론면 정산리 1599-2,부론로 544
4.21304E+18,부론면 정산리 1599-2,부론로 544
4.21304E+18,부론면 정산리 1599-2,부론로 544
4.21304E+18,흥업면 흥업리 659,사제로 26
4.21304E+18,흥업면 흥업리 608-4,사제로 7-18
4.21304E+18,부론면 손곡리 536-1,손곡로 137-10
4.21304E+18,부론면 손곡리 536-1,손곡로 137-10
4.21301E+18,관설동 1399-25,시청로 528
4.21303E+18,지정면 신평리 170-14,신무로 54-7
4.21303E+18,지정면 신평리 170-12,신무로 54-6
4.21301E+18,우산동 783-10,우무개로 131-35
4.21303E+18,호저면 만종리 1059-14,원문로 668-12
4.21303E+18,문막읍 대둔리 283,원문로 2589-18
4.21303E+18,문막읍 반계리 790-4,원문로 2561-2
4.21303E+18,문막읍 반계리 758-1,원문로 2535
4.21303E+18,문막읍 반계리 758-1,원문로 2535
4.21303E+18,문막읍 건등리 581-3,원문로 1734-5
4.21303E+18,문막읍 문막리 716,원문로 1741-9
4.21303E+18,지정면 안창리 813-13,원양2로 261-26
4.21303E+18,지정면 안창리 761-6,원양2로 157
4.21301E+18,일산동 162-49,일산로 13
4.21303E+18,소초면 수암리 1258,장수2로 268
4.21303E+18,소초면 장양리 394,장수2로 196-16
4.21303E+18,소초면 장양리 394,장수2로 196-16
4.21301E+18,태장동 1641,장수2로 38-10
4.21304E+18,부론면 정산리 1052,정산로 92
4.21303E+18,지정면 가곡리 1476,조엄로 393
4.21303E+18,지정면 가곡리 1470-1,조엄로 397
4.21303E+18,문막읍 취병리 665-3,취병로 299
4.21303E+18,문막읍 취병리 665-3,취병로 299
4.21301E+18,태장동 2796,치악로 1989-2
4.21303E+18,소초면 수암리 803-3,치악로 2503-7
4.21303E+18,소초면 수암리 755-2,치악로 2554
4.21303E+18,소초면 흥양리 1673,치악로 2367
4.21301E+18,단구동 9,치악로 1464
4.21303E+18,호저면 산현리 513-8,칠봉로 604-5
4.21303E+18,호저면 산현리 292,칠봉로 311
4.21303E+18,호저면 용곡리 510,칠봉로 666
4.21303E+18,호저면 주산리 992-12,칠봉로 109-128
4.21303E+18,호저면 주산리 958-8,칠봉로 46
4.21303E+18,호저면 주산리 958-8,칠봉로 46
4.21303E+18,호저면 주산리 614,칠봉로 8
4.21301E+18,행구동 133-31,행구로 486-28
4.21303E+18,호저면 옥산리 574-6,호저로 681
4.21303E+18,소초면 흥양리 1319,황골로 41
4.21303E+18,소초면 흥양리 1319,황골로 41
4.21303E+18,소초면 흥양리 458-11,황골로 321-11
4.21304E+18,부론면 단강리 1457,부귀로 716-37
4.21304E+18,부론면 단강리 635,부귀로 1089-6
4.21304E+18,흥업면 매지리 1852-8,북원로 986
4.21304E+18,흥업면 매지리 1700,북원로 1187-67
4.21304E+18,귀래면 운계리 801-3,북원로 313
4.21304E+18,귀래면 귀래리 94-10,북원로 815-10
4.21304E+18,귀래면 귀래리 93-16,북원로 815-12
4.21303E+18,소초면 장양리 1310,북원로 2955
4.21303E+18,소초면 장양리 1310,북원로 2955
4.21301E+18,태장동 1969,북원로 2852
4.21301E+18,단계동 199,북원로 2302
4.21304E+18,신림면 성남리 707,성남로 249-26
4.21304E+18,신림면 성남리 688-10,성남로 249-14
4.21303E+18,지정면 신평리 1126,청정로 80-1
4.21303E+18,지정면 가곡리 1352-1,도원로 20
4.21303E+18,지정면 가곡리 1512,신지정로 250
4.21303E+18,지정면 가곡리 1468,신지정로 255
4.21303E+18,지정면 가곡리 1468,신지정로 255
4.21303E+18,지정면 신평리 1142-3,신지정로 410-6
4.21301E+18,반곡동 1450-29,반곡초교로 77-1
4.21301E+18,일산동 184-51,갈머리2길 17-9
4.21301E+18,관설동 1620,갈촌길 131
4.21301E+18,관설동 1595-16,갈촌길 99-8
4.21301E+18,관설동 1595-12,갈촌길 97-1
4.21301E+18,관설동 1404,갈촌길 6
4.21301E+18,관설동 1332-4,갈촌길 1
4.21303E+18,소초면 수암리 1608,갓바우길 95-2
4.21301E+18,개운동 381-10,개봉길 29-1
4.21301E+18,관설동 1740-4,관설안길 3-20
4.21304E+18,흥업면 사제리 1467-2,광터길 141-5
4.21301E+18,단구동 928-4,귀론길 18
4.21301E+18,단구동 928,귀론길 18-1
4.21304E+18,귀래면 귀래리 286-4,귀운길 222-2
4.21304E+18,판부면 금대리 939-1,금대길 49
4.21301E+18,행구동 277-20,꽃밭머리길 71-1
4.21301E+18,행구동 53-14,꽃밭머리길 23
4.21303E+18,호저면 대덕리 1058-8,노월길 37
4.21304E+18,흥업면 대안리 1018,대안신촌길 21
4.21301E+18,개운동 388-27,도말리길 84-19
4.21303E+18,문막읍 건등리 175-9,동건길 91-14
4.21303E+18,문막읍 동화리 670-9,동건길 39
4.21301E+18,일산동 264-17,동진골4길 19
4.21304E+18,흥업면 대안리 556-1,돼니길 32-60
4.21304E+18,흥업면 대안리 556-1,돼니길 32-60
4.21304E+18,신림면 금창리 775,둔창예찬길 305
4.21303E+18,호저면 옥산리 229,마근거리길 72-3
4.21303E+18,호저면 옥산리 167,마근거리길 97
4.21304E+18,신림면 신림리 104-9,마지동길 51-13
4.21303E+18,호저면 주산리 662-6,막골길 81-11
4.21303E+18,호저면 주산리 73-2,막골길 146
4.21303E+18,문막읍 궁촌리 1966,만디길 25-43
4.21303E+18,문막읍 궁촌리 1966,만디길 25-43
4.21303E+18,문막읍 궁촌리 1966,만디길 25-43
4.21303E+18,문막읍 궁촌리 1966,만디길 25-43
4.21304E+18,흥업면 매지리 581-3,매지회촌길 64
4.21303E+18,문막읍 건등리 44,명봉산길 134-53
4.21304E+18,부론면 노림리 12-8,모산길 18-2
4.21304E+18,흥업면 매지리 403-3,무수막1길 14-1
4.21301E+18,무실동 160,무실밤골길 48
4.21301E+18,무실동 135-1,무실밤골길 89
4.21303E+18,문막읍 반계리 2225,문막공단길 194
4.21303E+18,문막읍 반계리 5-6,문막공단길 231
4.21303E+18,문막읍 문막리 482-2,문막시장1길 10
4.21301E+18,반곡동 1798-2,반곡길 54
4.21301E+18,태장동 1024-20,방강골길 13
4.21301E+18,봉산동 921,배말길 103-7
4.21304E+18,판부면 서곡리 1618,백운산길 21
4.21304E+18,판부면 서곡리 984-4,백운정길 87-3
4.21303E+18,소초면 둔둔리 769,버덩마을길 7
4.21303E+18,문막읍 반계리 1752-8,벌무내기길 73-5
4.21304E+18,부론면 법천리 1520-8,법천시장길 42-48
4.21304E+18,흥업면 사제리 771,복거리길 41-1
4.21301E+18,반곡동 300-1,봉대길 33
4.21301E+18,가현동 346-4,봉장길 23-12
4.21301E+18,가현동 346-4,봉장길 23-12
4.21301E+18,가현동 346-4,봉장길 23-12
4.21304E+18,흥업면 사제리 637-2,봉현길 42
4.21304E+18,흥업면 사제리 637-2,봉현길 42
4.21301E+18,단계동 77-51,북원로2425번길 25-57
4.21304E+18,흥업면 매지리 32,분지동길 166-1
4.21304E+18,흥업면 매지리 18,분지동길 147-16
4.21304E+18,귀래면 운계리 859-1,분토골길 5
4.21304E+18,귀래면 운계리 859-1,분토골길 5
4.21303E+18,문막읍 반계리 862-13,사자골길 314
4.21303E+18,호저면 만종리 232-1,상만종길 62
4.21301E+18,우산동 86-1,상지대길 9
4.21301E+18,우산동 660,상지대길 83
4.21301E+18,태장동 1346-19,새동네1길 117
4.21304E+18,판부면 서곡리 191-3,서곡길 228
4.21304E+18,판부면 서곡리 46-5,서곡길 161-19
4.21304E+18,판부면 서곡리 454-17,서곡널다리길 45
4.21301E+18,행구동 629-19,서천담길 26-9
4.21303E+18,문막읍 건등리 1063-18,석지1길 340-6
4.21303E+18,문막읍 건등리 778-1,석지1길 88-1
4.21304E+18,신림면 구학리 156-3,선학길 108
4.21304E+18,부론면 단강리 1406,섬뜰작실길 26-10
4.21301E+18,관설동 425,섭재길 91
4.21301E+18,반곡동 608-14,섭재삼보길 166
4.21303E+18,문막읍 동화리 641-1,성아길 21-13
4.21303E+18,문막읍 동화리 1703,세오름길 38
4.21303E+18,지정면 간현리 1056-9,소금산길 40
4.21304E+18,신림면 황둔리 635-1,소야1길 49-7
4.21304E+18,부론면 손곡리 541-7,손곡새말길 38-39
4.21304E+18,부론면 손곡리 541-7,손곡새말길 38-39
4.21301E+18,무실동 1113-3,송삼길 216-34
4.21303E+18,소초면 흥양리 1634-3,송황유사길 42-1
4.21303E+18,소초면 수암리 1332-4,수래울길 90-67
4.21303E+18,소초면 수암리 1316,수래울길 90-10
4.21304E+18,흥업면 사제리 1660,수루니길 40
4.21304E+18,신림면 신림리 70,신림골안길 141
4.21303E+18,소초면 장양리 158-7,신양선녀길 100
4.21303E+18,소초면 수암리 342,싱근솔길 129-2
4.21303E+18,소초면 수암리 172,싱근솔길 158
4.21301E+18,단구동 1694-14,앙월길 47
4.21304E+18,신림면 신림리 135-1,언당길 21-45
4.21301E+18,행구동 1488-6,영랑길 140
4.21301E+18,행구동 1488-6,영랑길 140
4.21301E+18,단구동 1721,오성마을길 63-25
4.21301E+18,단구동 1711,오성마을길 63-30
4.21303E+18,지정면 간현리 273,오얏길 26
4.21304E+18,흥업면 사제리 1377-1,요동길 40
4.21304E+18,판부면 서곡리 1636,용수골길 308-19
4.21304E+18,판부면 서곡리 752-3,용수골길 22-8
4.21301E+18,봉산동 902-35,우물시장길 67
4.21304E+18,귀래면 운계리 98,운계다둔길 125-33
4.21304E+18,귀래면 운계리 98,운계다둔길 125-33
4.21304E+18,귀래면 운남리 1244,운남길 115
4.21304E+18,귀래면 운남리 383-1,운남길 182
4.21304E+18,귀래면 운남리 130,운남길 443
4.21303E+18,소초면 수암리 940-7,웃독골길 77
4.21303E+18,문막읍 건등리 979-2,원평길 130
4.21303E+18,지정면 안창리 312-11,월운길 102-2
4.21301E+18,반곡동 1746-4,월운정안길 9
4.21303E+18,지정면 월송리 663-1,월호동길 24
4.21304E+18,신림면 성남리 593,윗성남1길 40-9
4.21301E+18,태장동 736-8,육판길 31
4.21304E+18,부론면 손곡리 1208-2,임경업길 28
4.21303E+18,호저면 주산리 455-2,자은동길 59-8
4.21303E+18,문막읍 취병리 690-14,작달막길 265
4.21303E+18,지정면 월송리 955-1,정골길 42
4.21303E+18,호저면 만종리 829,중부동2길 4-11
4.21303E+18,호저면 만종리 829,중부동2길 4-11
4.21301E+18,단구동 1550-7,천매봉길 36-18
4.21301E+18,학성동 207-6,충정길 3
4.21301E+18,개운동 326-3,치악로1735번길 38
4.21301E+18,단구동 1637-7,토지길 31-29
4.21303E+18,지정면 판대리 292-20,판관터길 15-58
4.21304E+18,판부면 신촌리 1051,판부신촌길 272-10
4.21303E+18,지정면 신평리 207,하차면길 11
4.21304E+18,부론면 정산리 558,학고개길 75
4.21304E+18,부론면 정산리 477,학고개길 75
4.21304E+18,부론면 정산리 477,학고개길 75
4.21304E+18,부론면 정산리 477,학고개길 75
4.21304E+18,흥업면 흥업리 883-4,한라대길 12-18
4.21304E+18,흥업면 흥업리 882-1,한라대길 12-29
4.21304E+18,흥업면 대안리 277,해삼터길 21
4.21304E+18,흥업면 대안리 277,해삼터길 21
4.21303E+18,소초면 평장리 916-2,현촌길 32-8
4.21301E+18,태장동 950-11,현충로232번길 16
4.21303E+18,호저면 주산리 1442-2,호저문화2길 8-3
4.21301E+18,단구동 159-3,홍판서길 82-3
4.21303E+18,소초면 장양리 1022-10,화수동길 27-1
4.21301E+18,행구동 1171-12,화실유암길 229-5
4.21304E+18,판부면 금대리 100,휴양림길 66
4.21303E+18,지정면 안창리 453-5,흥법사지길 58
4.21301E+18,태장동 1054-55,흥양로18번길 19-48
4.21301E+18,태장동 2793,흥양로51번길 40
4.21304E+18,흥업면 흥업리 1390-3,흥업신촌길 16-5
4.21304E+18,흥업면 흥업리 73-31,흥업텃둔길 2-12
4.21304E+18,흥업면 매지리 153-41,분지동1길 46-7
4.21303E+18,호저면 무장리 607-1,호매곡1길 300
4.21301E+18,단계동 1207-10,전망길 22-2
4.21301E+18,반곡동 2064-13,봉황5길 29
4.21301E+18,반곡동 1981-11,봉황6길 7
4.21301E+18,반곡동 2009-14,해오름1길 21-2
4.21301E+18,반곡동 2033-2,달마중2길 11-1
4.21301E+18,반곡동 2031-15,달마중2길 9-6
4.21301E+18,반곡동 1822-25,안골길 12
4.21301E+18,단구동 674-11,서원대로 473
4.21301E+18,명륜동 779,서원대로 308-6
4.21304E+18,신림면 황둔리 1741-2,신림황둔로 625
4.21304E+18,신림면 황둔리 1596-19,신림황둔로 647-13
4.21304E+18,신림면 황둔리 689-10,신림황둔로 1101
4.21304E+18,신림면 성남리 94-2,신림황둔로 281-33
4.21304E+18,신림면 성남리 89,신림황둔로 281-39
4.21304E+18,신림면 신림리 116-11,신림황둔로 103
4.21303E+18,지정면 월송리 920-11,월송석화로 498
4.21301E+18,단구동 74-73,강변로 169
4.21303E+18,문막읍 건등리 1700-9,건등로 56-1
4.21304E+18,부론면 노림리 1269,견훤로 689-32
4.21304E+18,귀래면 귀래리 1337,귀문로 510
4.21301E+18,일산동 274-8,남산로 113-1
4.21304E+18,판부면 서곡리 635-4,남원로 272-9
4.21304E+18,판부면 서곡리 422-3,남원로 397
4.21301E+18,개운동 452-3,남원로 556
4.21304E+18,흥업면 대안리 337-15,대안로 1031-6
4.21304E+18,흥업면 대안리 287-4,대안로 968
4.21304E+18,흥업면 대안리 32-7,대안로 1016-41
4.21301E+18,반곡동 1141,동부순환로 37
4.21301E+18,행구동 1779-13,동부순환로 325-15
4.21301E+18,행구동 1779-8,동부순환로 325-9
4.21301E+18,봉산동 517,동부순환로 348-6
4.21303E+18,문막읍 동화리 945,동화공단로 206-34
4.21301E+18,무실동 627-6,만대로 196-2
4.21301E+18,무실동 1665-4,만대로 186
4.21303E+18,호저면 매호리 782,매호로 143
4.21301E+18,단계동 533-14,봉화로 171
4.21304E+18,부론면 정산리 1788,부론로 359-10
4.21304E+18,흥업면 사제리 1184-1,사제로 401-42
4.21304E+18,흥업면 사제리 519,사제로 419
4.21304E+18,신림면 송계리 798-18,송계로 311-112
4.21303E+18,문막읍 동화리 898-2,왕건로 340
4.21301E+18,우산동 297-1,우무개로 21
4.21301E+18,우산동 289-10,우무개로 32
4.21303E+18,소초면 흥양리 87,운곡로 310
4.21303E+18,소초면 흥양리 87,운곡로 310
4.21301E+18,행구동 383-14,운곡로 254-14
4.21301E+18,행구동 383-14,운곡로 254-14
4.21303E+18,문막읍 반계리 2262-1,원문로 2075
4.21303E+18,문막읍 반계리 807-11,원문로 2561-6
4.21303E+18,문막읍 반계리 807-3,원문로 2561-5
4.21303E+18,문막읍 취병리 1126,원문로 2000
4.21303E+18,소초면 장양리 363,장수2로 151
4.21301E+18,태장동 1645-1,장수2로 56
4.21303E+18,지정면 가곡리 1470-1,조엄로 397
4.21303E+18,지정면 가곡리 1470-1,조엄로 397
4.21303E+18,지정면 가곡리 1470-1,조엄로 397
4.21303E+18,지정면 가곡리 1283-1,조엄로 347-2
4.21303E+18,지정면 간현리 890-7,지정로 293
4.21303E+18,지정면 보통리 151-2,질마재로 24-10
4.21303E+18,문막읍 취병리 759,취병로 591-15
4.21303E+18,문막읍 취병리 665-3,취병로 299
4.21301E+18,태장동 2796,치악로 1989
4.21303E+18,소초면 교항리 315-22,치악로 3126-10
4.21303E+18,소초면 교항리 315-20,치악로 3126-8
4.21303E+18,소초면 교항리 312-10,치악로 3126-15
4.21303E+18,소초면 교항리 170-6,치악로 3230-5
4.21303E+18,소초면 수암리 755-2,치악로 2554
4.21301E+18,태장동 339-3,치악로 2239-4
4.21301E+18,태장동 338-18,치악로 2255-1
4.21301E+18,단구동 224,치악로 1692
4.21303E+18,호저면 주산리 992-12,칠봉로 109-128
4.21303E+18,호저면 주산리 992-12,칠봉로 109-128
4.21303E+18,호저면 주산리 958-8,칠봉로 46
4.21301E+18,태장동 577-30,포란재로 44
4.21301E+18,행구동 1552-1,행구로 267-25
4.21301E+18,봉산동 865-4,행구로 133-1
4.21301E+18,개운동 395-40,행구로 24
4.21301E+18,태장동 859-10,현충로 79
4.21301E+18,태장동 847-1,현충로 73-7
4.21303E+18,호저면 옥산리 574-3,호저로 679
4.21303E+18,호저면 옥산리 529-9,호저로 699-17
4.21303E+18,호저면 주산리 527-2,호저로 413-4
4.21303E+18,소초면 흥양리 930,황골로 219-17
4.21303E+18,소초면 흥양리 310,황골로 455-3
4.21303E+18,소초면 흥양리 49-10,황골로 487-22
4.21304E+18,귀래면 주포리 406-1,부귀로 1573
4.21304E+18,부론면 단강리 497-1,부귀로 1173
4.21304E+18,흥업면 매지리 441,북원로 1478-15
4.21304E+18,귀래면 운계리 1275-1,북원로 370
4.21304E+18,귀래면 운계리 801-3,북원로 313
4.21304E+18,귀래면 귀래리 130-1,북원로 800
4.21304E+18,귀래면 귀래리 94-10,북원로 815-10
4.21304E+18,귀래면 운남리 853,북원로 12-8
4.21303E+18,소초면 장양리 1310,북원로 2955
4.21303E+18,소초면 장양리 1310,북원로 2955
4.21303E+18,소초면 장양리 1310,북원로 2955
4.21303E+18,소초면 장양리 1310,북원로 2955
4.21303E+18,소초면 장양리 1310,북원로 2955
4.21303E+18,소초면 장양리 1310,북원로 2955
4.21303E+18,소초면 장양리 1310,북원로 2955
4.21303E+18,소초면 장양리 1310,북원로 2955
4.21303E+18,소초면 장양리 1310,북원로 2955
4.21301E+18,단계동 199,북원로 2302
4.21304E+18,신림면 성남리 674-5,성남로 294
4.21303E+18,문막읍 반계리 2255-7,반산2로 98
4.21301E+18,단계동 1173-4,봉화서부로 18-2
4.21301E+18,반곡동 1963-26,혁신로 301-29
4.21301E+18,반곡동 1816-2,배울로 215
4.21301E+18,반곡동 2047-14,입춘로 130
4.21303E+18,지정면 가곡리 1292,기업도시로 245
4.21304E+18,신림면 용암리 362-3,제원로 1093-1
4.21303E+18,지정면 신평리 1212,청정로 84
4.21303E+18,지정면 가곡리 1345-11,무릉로 15
4.21303E+18,지정면 가곡리 1512,신지정로 250
4.21303E+18,지정면 가곡리 1501,신지정로 300
4.21303E+18,지정면 가곡리 1546-4,신지정로 421-8
4.21303E+18,지정면 가곡리 1372-6,신지정로 203-6
4.21303E+18,지정면 월송리 392,가마골길 69
4.21303E+18,지정면 간현리 31-5,간현로186번길 54-6
4.21301E+18,관설동 1595-21,갈촌길 97-12
4.21301E+18,관설동 1595-17,갈촌길 97-7
4.21301E+18,관설동 1403,갈촌길 8
4.21303E+18,호저면 만종리 432-2,감박산길 84
4.21303E+18,호저면 매호리 522-4,고논골길 25
4.21303E+18,소초면 교항리 937-1,교항공산길 55
4.21303E+18,지정면 판대리 450-1,구룡동길 164-18
4.21301E+18,단구동 928-2,귀론길 16-1
4.21304E+18,판부면 금대리 966,금대길 15-4
4.21304E+18,판부면 서곡리 918,내도매길 102-1
4.21304E+18,판부면 서곡리 1564-2,내동막길 51-40
4.21304E+18,판부면 서곡리 1187-21,내동막길 35-13
4.21301E+18,단구동 571-16,단구로243번길 10-3
4.21301E+18,단구동 571-2,단구로243번길 10
4.21301E+18,단구동 1475-10,단구초교길 6-17
4.21303E+18,소초면 흥양리 168-14,대왕고개길 58-5
4.21303E+18,소초면 흥양리 295-23,대왕고개길 47-1
4.21301E+18,행구동 445-3,덕성길 42-2
4.21301E+18,개운동 384-33,도말리길 77-1
4.21303E+18,문막읍 건등리 178-26,동건길 123-39
4.21303E+18,문막읍 동화리 577,동화골길 48-20
4.21303E+18,문막읍 동화리 76-14,동화큰골길 26-9
4.21303E+18,문막읍 동화리 76-14,동화큰골길 26-9
4.21303E+18,호저면 옥산리 229,마근거리길 72-3
4.21303E+18,호저면 주산리 113-76,막골길 72-2
4.21303E+18,호저면 주산리 112,막골길 84
4.21303E+18,호저면 주산리 73-4,막골길 144
4.21303E+18,문막읍 궁촌리 1966,만디길 25-43
4.21303E+18,문막읍 궁촌리 1966,만디길 25-43
4.21303E+18,문막읍 궁촌리 1966,만디길 25-43
4.21301E+18,단계동 78-2,모란1길 21
4.21301E+18,단계동 78-1,모란1길 19
4.21304E+18,부론면 노림리 3-1,모산길 5
4.21304E+18,흥업면 매지리 420-5,무수막2길 17
4.21301E+18,무실동 149-2,무실밤골길 92-2
4.21303E+18,문막읍 반계리 2242,문막공단길 128
4.21301E+18,반곡동 1627-3,반곡길 151-3
4.21301E+18,단계동 1085-1,백간길 95
4.21303E+18,소초면 학곡리 195-2,백교안길 13-19
4.21304E+18,판부면 서곡리 982-147,백운정길 129
4.21304E+18,판부면 서곡리 1347-6,백운정윗길 83
4.21304E+18,판부면 서곡리 1339-14,백운정윗길 34-13
4.21301E+18,봉산동 350,번재길 258
4.21303E+18,문막읍 반계리 657-10,벌무내기길 13
4.21301E+18,태장동 2813-5,보수골길 45
4.21303E+18,지정면 보통리 400-12,보통안길 71-5
4.21304E+18,흥업면 사제리 774,복거리길 43
4.21304E+18,흥업면 사제리 774,복거리길 43
4.21304E+18,흥업면 사제리 774,복거리길 43
4.21304E+18,흥업면 사제리 771,복거리길 41-1
4.21304E+18,흥업면 사제리 771,복거리길 41-1
4.21301E+18,반곡동 357-4,봉대길 55
4.21301E+18,반곡동 306-5,봉대길 45
4.21304E+18,흥업면 사제리 77,봉현길 118-34
4.21304E+18,흥업면 매지리 71,분지동길 111
4.21303E+18,문막읍 반계리 862,사자골길 314
4.21303E+18,문막읍 반계리 862,사자골길 314
4.21303E+18,문막읍 반계리 862,사자골길 314
4.21301E+18,우산동 660,상지대길 83
4.21301E+18,우산동 660,상지대길 83
4.21301E+18,우산동 660,상지대길 83
4.21304E+18,판부면 서곡리 212-5,서곡길 255
4.21303E+18,문막읍 궁촌리 2022,서들길 2
4.21301E+18,행구동 638-11,서천담길 12-11
4.21303E+18,소초면 흥양리 63-2,석경길 13-61
4.21303E+18,문막읍 건등리 1219-1,석지1길 180-9
4.21304E+18,부론면 손곡리 541-7,손곡새말길 38-39
4.21304E+18,부론면 정산리 1395-2,솔미2길 165
4.21303E+18,소초면 수암리 1032,신양선녀길 242
4.21303E+18,소초면 수암리 529-1,싱근솔길 22-29
4.21303E+18,소초면 수암리 342,싱근솔길 129-2
4.21303E+18,소초면 수암리 172,싱근솔길 158
4.21303E+18,소초면 수암리 172,싱근솔길 158
4.21304E+18,신림면 신림리 727,역골길 13-12
4.21304E+18,신림면 용암리 84-1,연봉정길 16-22
4.21301E+18,단구동 1721,오성마을길 63-25
4.21301E+18,단구동 1721,오성마을길 63-25
4.21303E+18,지정면 간현리 287-3,오얏길 56
4.21303E+18,지정면 간현리 273,오얏길 26
4.21303E+18,지정면 가곡리 112-40,요대길 24-24
4.21304E+18,귀래면 용암리 26,용돈길 161-3
4.21301E+18,우산동 235-19,우산초교길 59-5
4.21304E+18,귀래면 운계리 98,운계다둔길 125-33
4.21303E+18,호저면 만종리 645-3,운동들1길 18-4
4.21303E+18,호저면 만종리 645-3,운동들1길 18-4
4.21301E+18,태장동 43-5,육판길 127
4.21301E+18,단계동 898-6,이화4길 75-1
4.21301E+18,일산동 153-17,일산로36번길 19
4.21301E+18,일산동 153-7,일산로36번길 17-1
4.21301E+18,원동 107-2,일산로82번길 36
4.21301E+18,일산동 291-28,일산초교길 14-24
4.21303E+18,호저면 주산리 1002-5,자은동길 115-33
4.21301E+18,가현동 611,자은향길 92
4.21303E+18,지정면 보통리 560-7,작압길 80-9
4.21301E+18,태장동 1969-5,장전길 96
4.21301E+18,태장동 1969-5,장전길 96
4.21301E+18,태장동 1587-3,장전길 40
4.21304E+18,신림면 용암리 623-3,정암길 57-14
4.21303E+18,문막읍 건등리 40-2,좁은목길 60
4.21303E+18,호저면 만종리 783-34,중부동3길 48
4.21304E+18,귀래면 용암리 346-4,지둔길 90-45
4.21303E+18,문막읍 건등리 1144-4,지샘등안길 39-20
4.21303E+18,문막읍 건등리 1144-1,지샘등안길 39-20
4.21304E+18,신림면 황둔리 136,청룡샘말길 33-20
4.21303E+18,소초면 학곡리 287-1,칠송윗길 77
4.21301E+18,관설동 526-11,큰숯둔길 19-4
4.21301E+18,태장동 1383-10,태장둔치길 27
4.21301E+18,단구동 1625-7,토지길 9-14
4.21304E+18,판부면 신촌리 75-1,판부신촌길 239-1
4.21303E+18,지정면 신평리 199-1,하차면길 19-34
4.21304E+18,부론면 정산리 558,학고개길 75
4.21304E+18,부론면 정산리 558,학고개길 75
4.21304E+18,부론면 정산리 477,학고개길 75
4.21304E+18,부론면 정산리 477,학고개길 75
4.21301E+18,행구동 855-5,행구덕현길 84-50
4.21301E+18,태장동 950-9,현충로232번길 12
4.21304E+18,신림면 송계리 352-20,회봉산길 73
4.21304E+18,신림면 금창리 52-1,흑천길 71-14
4.21303E+18,지정면 안창리 488-8,흥법사지길 182
4.21303E+18,지정면 안창리 453-9,흥법사지길 56
4.21301E+18,태장동 1054-1,흥양로18번길 19-39
4.21301E+18,태장동 2793,흥양로51번길 40
4.21301E+18,태장동 2793,흥양로51번길 40
4.21303E+18,호저면 무장리 604,호매곡1길 302
4.21303E+18,호저면 무장리 604,호매곡1길 302
4.21303E+18,호저면 주산리 271-2,호매곡1길 85
4.21304E+18,흥업면 대안리 852-4,대안천길 70-38
4.21304E+18,흥업면 대안리 779-40,대안천길 52-17
4.21301E+18,단계동 1205-6,바우골길 21-4
4.21301E+18,반곡동 1854-17,양지뜰4길 29
4.21301E+18,반곡동 1989-1,봉황1길 17
4.21301E+18,반곡동 1992-13,봉황3길 28
4.21301E+18,반곡동 1842-6,양지뜰3길 6-2
4.21301E+18,반곡동 2009-15,해오름1길 21-3
4.21301E+18,반곡동 2001-4,해오름1길 6
4.21301E+18,반곡동 2025-5,달마중3길 10-5
4.21301E+18,반곡동 2019-14,달마중3길 23
4.21301E+18,반곡동 110-5,뱅이둑길 77-37
4.21304E+18,신림면 황둔리 2172,신림황둔로 1258-21
4.21304E+18,신림면 황둔리 1582-2,신림황둔로 676
4.21304E+18,신림면 황둔리 1582-2,신림황둔로 676
4.21304E+18,신림면 신림리 541-5,신림황둔로 39
4.21303E+18,지정면 월송리 992,월송석화로 570
4.21303E+18,지정면 월송리 904-55,월송석화로 428-17
4.21303E+18,호저면 광격리 1017-3,광학로 141-1
4.21303E+18,호저면 광격리 1014,광학로 165-5
4.21303E+18,호저면 광격리 334,광학로 186-15
4.21301E+18,태장동 2516,가현로 260
4.21301E+18,단구동 230-26,강변로 319
4.21303E+18,문막읍 건등리 1708-1,건등로 24-2
4.21304E+18,부론면 노림리 1297,견훤로 689-38
4.21304E+18,부론면 노림리 1297,견훤로 689-38
4.21304E+18,부론면 노림리 17-5,견훤로 770
4.21303E+18,문막읍 후용리 1534-1,견훤로 941-102
4.21303E+18,문막읍 후용리 1461-1,견훤로 973-50
4.21301E+18,반곡동 1779,늘품로 213
4.21301E+18,반곡동 1621,늘품로 239
4.21301E+18,단구동 724-18,단구로 339-1
4.21301E+18,단구동 594-1,단구로 288-2
4.21304E+18,흥업면 대안리 337-15,대안로 1031-6
4.21304E+18,흥업면 대안리 1-8,대안로 1032
4.21303E+18,소초면 수암리 1603-4,동부순환로 809
4.21301E+18,반곡동 1186-9,동부순환로 33-4
4.21301E+18,행구동 1775-3,동부순환로 338-6
4.21301E+18,태장동 460-39,동부순환로 887-1
4.21303E+18,문막읍 동화리 1039,동화공단로 174-15
4.21303E+18,소초면 둔둔리 240-10,둔둔로 127
4.21301E+18,무실동 643-26,만대로 196-9
4.21303E+18,호저면 매호리 782,매호로 143
4.21303E+18,지정면 보통리 409-3,보통로 319
4.21301E+18,봉산동 820,봉산로 117
4.21304E+18,부론면 법천리 1210-9,부론로 146-7
4.21304E+18,흥업면 사제리 526-3,사제로 401
4.21304E+18,신림면 송계리 483-4,송계로 191
4.21301E+18,무실동 1722-2,시청로 31
4.21303E+18,소초면 흥양리 87,운곡로 310
4.21301E+18,행구동 386-6,운곡로 264-10
4.21301E+18,행구동 383-7,운곡로 254-15
4.21303E+18,문막읍 대둔리 83,원문로 2716-41
4.21303E+18,문막읍 대둔리 83,원문로 2716-41
4.21303E+18,문막읍 반계리 807-3,원문로 2561-5
4.21303E+18,문막읍 반계리 790-4,원문로 2561-2
4.21303E+18,문막읍 반계리 758-1,원문로 2535
4.21303E+18,문막읍 취병리 1126,원문로 2000
4.21303E+18,소초면 장양리 410-18,장수1로 232-3
4.21303E+18,소초면 장양리 410-10,장수1로 232-8
4.21303E+18,소초면 수암리 1258,장수2로 268
4.21303E+18,소초면 장양리 385,장수2로 160
4.21304E+18,부론면 정산리 1052,정산로 92
4.21304E+18,부론면 정산리 238-1,정산로 232-18
4.21303E+18,지정면 가곡리 1476,조엄로 393
4.21303E+18,지정면 가곡리 1476,조엄로 393
4.21303E+18,지정면 가곡리 1470-1,조엄로 397
4.21303E+18,지정면 가곡리 1283-1,조엄로 347-2
4.21303E+18,지정면 판대리 48-7,지정로 1280-1
4.21301E+18,태장동 2796,치악로 1989
4.21303E+18,소초면 교항리 312-6,치악로 3125-19
4.21303E+18,소초면 평장리 668,치악로 2716
4.21301E+18,관설동 1452-13,치악로 1505
4.21301E+18,관설동 1332-1,치악로 1435
4.21301E+18,관설동 625-7,치악로 1350
4.21301E+18,관설동 555,치악로 1384
4.21303E+18,호저면 용곡리 366,칠봉로 879-20
4.21303E+18,호저면 주산리 992-12,칠봉로 109-128
4.21301E+18,행구동 197-22,행구로 478
4.21301E+18,가현동 369-8,호저로 230
4.21303E+18,소초면 흥양리 1319,황골로 41
4.21303E+18,소초면 흥양리 1301-1,황골로 84-7
4.21303E+18,소초면 흥양리 927,황골로 219-7
4.21303E+18,소초면 흥양리 309,황골로 456
4.21303E+18,소초면 흥양리 97,황골로 458
4.21303E+18,지정면 신평리 1215,신평석화로 5
4.21303E+18,호저면 무장리 1434-1,신평석화로 151-3
4.21301E+18,학성동 213-2,중앙로 199
4.21304E+18,부론면 단강리 1377,부귀로 765-11
4.21304E+18,귀래면 운계리 680-6,북원로 345-2
4.21304E+18,귀래면 운계리 679-2,북원로 349
4.21304E+18,귀래면 귀래리 126-1,북원로 789-23
4.21304E+18,귀래면 운남리 1029-10,북원로 164
4.21303E+18,소초면 장양리 1310,북원로 2955
4.21303E+18,소초면 장양리 1310,북원로 2955
4.21304E+18,신림면 성남리 281-3,성남로 167-22
4.21303E+18,문막읍 반계리 2255-7,반산2로 98
4.21303E+18,지정면 가곡리 1298-7,기업도시로 229
4.21303E+18,지정면 가곡리 1325,기업도시로 200
4.21303E+18,지정면 가곡리 1292,기업도시로 245
4.21304E+18,신림면 신림리 612-5,제원로 1390-1
4.21303E+18,지정면 가곡리 1352-2,도원로 20-1
4.21303E+18,지정면 가곡리 1507-2,신지정로 266
4.21303E+18,지정면 가곡리 1501,신지정로 250
4.21303E+18,지정면 가곡리 1501,신지정로 300
4.21303E+18,지정면 가곡리 1468,신지정로 255
4.21303E+18,지정면 신평리 1133-14,신지정로 123-3
4.21303E+18,지정면 가곡리 1420-11,신지정로 153-23
4.21303E+18,지정면 가곡리 1374-7,신지정로 197-4
4.21301E+18,반곡동 1450-35,반곡초교로 77-3
4.21301E+18,관설동 173-25,갈촌길 97-4
4.21301E+18,관설동 1595-15,갈촌길 99-5
4.21303E+18,소초면 수암리 1524,갓바우길 99-5
4.21303E+18,문막읍 포진리 926-1,개나루길 13
4.21303E+18,문막읍 포진리 173-2,개나루길 49-7
4.21303E+18,호저면 매호리 873,고논골길 18-31
4.21301E+18,행구동 148,고문골길 45-1
4.21303E+18,호저면 광격리 288,광격샘골길 54-39
4.21303E+18,호저면 광격리 288,광격샘골길 54-39
4.21303E+18,문막읍 건등리 338-5,구암길 31
4.21303E+18,문막읍 궁촌리 717-3,궁촌샛담길 62
4.21301E+18,단구동 928-5,귀론길 16
4.21304E+18,흥업면 대안리 1121,금산길 15-45
4.21301E+18,개운동 350-4,남원로602번길 26
4.21304E+18,판부면 서곡리 330-11,내남송길 96-10
4.21304E+18,판부면 서곡리 781-2,내도매길 30
4.21304E+18,귀래면 운남리 562-8,너더리길 8-15
4.21303E+18,소초면 흥양리 1323-6,노루고개길 30-41
4.21304E+18,신림면 금창리 379-25,다리실2길 86-9
4.21301E+18,단구동 850-3,단관공원길 104
4.21301E+18,단구동 571-9,단구로243번길 10-1
4.21301E+18,단구동 139-77,단사정길 18-14
4.21301E+18,관설동 623-3,당둔지길 6-8
4.21303E+18,소초면 흥양리 299-2,대왕고개길 44-15
4.21303E+18,소초면 흥양리 293-52,대왕고개길 51-10
4.21303E+18,소초면 평장리 503,도도리길 107
4.21301E+18,우산동 103-27,돌터1길 14
4.21303E+18,문막읍 동화리 630-5,동건길 55
4.21301E+18,일산동 287-17,동진골1길 86-1
4.21303E+18,문막읍 동화리 579,동화골길 48-32
4.21304E+18,신림면 금창리 727,둔창예찬길 348
4.21303E+18,호저면 주산리 73-4,막골길 144
4.21303E+18,문막읍 궁촌리 1966,만디길 25-43
4.21304E+18,흥업면 매지리 1238-7,매남동길 5-1
4.21304E+18,판부면 서곡리 1988-13,매봉길 6-7
4.21304E+18,판부면 서곡리 1988-12,매봉길 6-9
4.21304E+18,흥업면 매지리 581-3,매지회촌길 64
4.21303E+18,문막읍 건등리 18-12,명봉산길 134-31
4.21303E+18,문막읍 건등리 259-3,명봉산길 59
4.21303E+18,문막읍 건등리 101-9,명봉산길 134-25
4.21301E+18,단계동 61-15,모란1길 12
4.21301E+18,단계동 61-13,모란1길 10
4.21304E+18,부론면 노림리 8,모산길 15
4.21303E+18,문막읍 문막리 91-1,문막골말길 76
4.21303E+18,문막읍 반계리 2225,문막공단길 194
4.21303E+18,문막읍 문막리 237,문막시장1길 58
4.21304E+18,귀래면 주포리 231-2,미륵산길 407-1
4.21304E+18,귀래면 주포리 147-2,미륵산길 270-15
4.21301E+18,반곡동 1585-8,반곡길 81
4.21304E+18,판부면 서곡리 981-16,백운정길 122-17
4.21303E+18,소초면 둔둔리 479-2,버덩마을길 63
4.21303E+18,문막읍 반계리 1752-8,벌무내기길 73-5
4.21303E+18,소초면 흥양리 944-52,범골길 29-5
4.21304E+18,흥업면 사제리 771,복거리길 41-1
4.21304E+18,흥업면 사제리 770,복거리길 45
4.21301E+18,행구동 888-72,봉대길 8-3
4.21301E+18,단계동 61-1,북원로2425번길 25-33
4.21304E+18,흥업면 매지리 87-1,분지동길 147-9
4.21304E+18,흥업면 매지리 41-5,분지동길 106-2
4.21304E+18,부론면 단강리 480,사기막길 4
4.21304E+18,부론면 단강리 348,사기막길 49-15
4.21303E+18,문막읍 반계리 862-13,사자골길 314
4.21303E+18,문막읍 반계리 862,사자골길 314
4.21303E+18,문막읍 반계리 862,사자골길 314
4.21303E+18,호저면 주산리 132-3,살감길 64-5
4.21303E+18,호저면 무장리 1249,살미길 69-10
4.21301E+18,우산동 660,상지대길 83
4.21303E+18,소초면 흥양리 702-2,상초구길 35-74
4.21304E+18,판부면 서곡리 1130-8,서평길 12-2
4.21301E+18,관설동 376-1,섭재길 77
4.21301E+18,관설동 354-1,섭재길 51
4.21301E+18,반곡동 605-27,섭재삼보길 160-15
4.21301E+18,관설동 558-49,섭재삼보길 153-15
4.21301E+18,관설동 287-57,섭재삼보길 3
4.21303E+18,문막읍 동화리 608-3,성아길 55
4.21304E+18,신림면 황둔리 601,소야2길 30
4.21304E+18,부론면 손곡리 541-7,손곡새말길 38-39
4.21304E+18,신림면 신림리 533,송림안길 7
4.21301E+18,무실동 1182-3,송삼길 140
4.21303E+18,소초면 수암리 1435,수암젓둔길 10-6
4.21303E+18,호저면 만종리 160-8,쉬고개길 135-2
4.21304E+18,흥업면 대안리 634-12,승안동길 242-31
4.21304E+18,흥업면 대안리 587-5,승안동길 242-56
4.21304E+18,흥업면 대안리 386,승안동길 69
4.21303E+18,소초면 수암리 530-1,싱근솔길 22-41
4.21304E+18,신림면 신림리 4,싸리치길 137-76
4.21304E+18,판부면 서곡리 612,아랫거리길 6-4
4.21303E+18,소초면 평장리 155-1,어용골길 52
4.21303E+18,소초면 평장리 129,어용골길 17-3
4.21304E+18,신림면 용암리 83-3,연봉정길 48-18
4.21301E+18,행구동 1658-90,영랑길 95-10
4.21301E+18,행구동 1512-106,영랑길 109-8
4.21301E+18,행구동 1836-17,오리현안길 28
4.21301E+18,단구동 1721,오성마을길 63-25
4.21301E+18,단구동 1721,오성마을길 63-25
4.21303E+18,지정면 간현리 273,오얏길 26
4.21303E+18,지정면 가곡리 838-25,요대길 24-25
4.21303E+18,지정면 가곡리 151-5,요대길 30-1
4.21304E+18,판부면 서곡리 1286-5,용수골길 229
4.21301E+18,봉산동 902-415,우물시장길 67-1
4.21304E+18,귀래면 운남리 130,운남길 443
4.21304E+18,흥업면 흥업리 69,울업2길 3
4.21304E+18,귀래면 귀래리 1174,원대골길 63
4.21301E+18,단계동 94-2,원문로100번길 31
4.21301E+18,단계동 102-21,원문로110번길 21-1
4.21303E+18,문막읍 건등리 389,원평길 100-24
4.21301E+18,반곡동 1746-4,월운정안길 9
4.21303E+18,지정면 월송리 623-21,월호동길 5-17
4.21304E+18,신림면 성남리 707-3,윗성남2길 13-2
4.21301E+18,우산동 282,유원길 17-3
4.21301E+18,봉산동 1134-2,임윤지당길 16-1
4.21303E+18,호저면 주산리 1002-5,자은동길 115-33
4.21303E+18,지정면 월송리 948,정골길 32-14
4.21304E+18,신림면 용암리 623-5,정암길 57-12
4.21304E+18,귀래면 주포리 289,주포안말길 10-23
4.21303E+18,호저면 만종리 861-2,중부동2길 17-41
4.21301E+18,무실동 708-9,지니기길 11-24
4.21303E+18,문막읍 건등리 1144-5,지샘등안길 39-22
4.21303E+18,문막읍 건등리 1144-4,지샘등안길 39-20
4.21303E+18,문막읍 건등리 1144-3,지샘등안길 39-20
4.21303E+18,문막읍 건등리 1144-3,지샘등안길 39-20
4.21303E+18,문막읍 건등리 1144-1,지샘등안길 39-20
4.21304E+18,귀래면 용암리 162,지차골길 67
4.21303E+18,문막읍 반계리 1122-5,쪽섬길 48
4.21304E+18,신림면 성남리 37,축치동길 84-10
4.21303E+18,소초면 학곡리 234-5,칠송윗길 114-21
4.21304E+18,신림면 용암리 885,탑골길 20-1
4.21304E+18,신림면 용암리 875-4,탑골길 34
4.21303E+18,문막읍 동화리 1283-3,탑전길 22
4.21304E+18,흥업면 사제리 1295,팔포길 56
4.21304E+18,흥업면 사제리 1295,팔포길 56
4.21304E+18,흥업면 사제리 1295,팔포길 56
4.21303E+18,소초면 평장리 289,평장안골1길 150-30
4.21303E+18,소초면 흥양리 384,하초구길 163-9
4.21304E+18,부론면 정산리 558,학고개길 75
4.21304E+18,부론면 정산리 477,학고개길 75
4.21304E+18,흥업면 대안리 61-1,해삼터길 160
4.21304E+18,흥업면 대안리 50,해삼터길 119-5
4.21301E+18,무실동 1487-1,행가리1길 98-8
4.21301E+18,행구동 144-15,행구윗담길 40-11
4.21301E+18,태장동 1390-12,현충로318번길 27-1
4.21301E+18,태장동 691-11,현충로58번길 8
4.21303E+18,문막읍 동화리 239-3,호적길 21
4.21303E+18,문막읍 동화리 238-1,호적길 10-1
4.21301E+18,단구동 88-8,홍판서길 17-3
4.21301E+18,행구동 1550-2,화실유암길 92-28
4.21304E+18,신림면 구학리 604,황학길 21-24
4.21304E+18,신림면 금창리 74-6,흑천길 71
4.21304E+18,신림면 금창리 48-9,흑천길 97-5
4.21303E+18,지정면 안창리 497,흥법사지길 220
4.21301E+18,태장동 1054-50,흥양로18번길 19-45
4.21301E+18,태장동 2793,흥양로51번길 40
4.21301E+18,태장동 1167-7,흥양로51번길 38
4.21303E+18,호저면 무장리 596,생담길 120-42
4.21301E+18,반곡동 1948-3,금두길 10-2
4.21301E+18,반곡동 1989-5,봉황1길 23
4.21301E+18,반곡동 1983-6,봉황1길 8
4.21301E+18,반곡동 2064-14,봉황5길 27
4.21303E+18,지정면 가곡리 1440-9,능마루길 4-27
4.21301E+18,단계동 1221,서원대로 35
4.21304E+18,신림면 황둔리 1543-2,신림황둔로 708
4.21304E+18,신림면 신림리 541-5,신림황둔로 39
4.21303E+18,지정면 월송리 925-3,월송석화로 518
4.21301E+18,가현동 260,가현로 186
4.21301E+18,학성동 10-2,강변로 667
4.21304E+18,부론면 노림리 1297,견훤로 689-38
4.21304E+18,부론면 노림리 17-11,견훤로 770-7
4.21304E+18,부론면 노림리 17-9,견훤로 770-8
4.21303E+18,문막읍 후용리 1007,견훤로 1079-27
4.21304E+18,귀래면 귀래리 869,귀문로 300
4.21304E+18,귀래면 귀래리 565,귀문로 416
4.21301E+18,반곡동 1760-4,늘품로 188-25
4.21301E+18,단계동 795-1,단구로 45-21
4.21304E+18,흥업면 대안리 2206-3,대안로 386
4.21304E+18,흥업면 대안리 2206-3,대안로 386
4.21304E+18,흥업면 대안리 2116,대안로 446
4.21303E+18,소초면 수암리 1603-4,동부순환로 809
4.21301E+18,행구동 1779-15,동부순환로 325-1
4.21301E+18,행구동 1779-4,동부순환로 325-14
4.21303E+18,소초면 둔둔리 510-4,둔둔로 307
4.21303E+18,소초면 둔둔리 240-7,둔둔로 131
4.21301E+18,무실동 1721-1,만대로 21
4.21301E+18,무실동 412,만대로 16-6
4.21303E+18,호저면 매호리 782,매호로 143
4.21303E+18,호저면 매호리 782,매호로 143
4.21304E+18,부론면 법천리 247,법후로 228
4.21303E+18,문막읍 동화리 97,보통로 81
4.21301E+18,봉산동 833-6,봉산로 135-1
4.21301E+18,단계동 865,봉화로 26
4.21304E+18,부론면 정산리 2061-22,부론로 247
4.21304E+18,흥업면 사제리 1184-1,사제로 401-42
4.21304E+18,흥업면 사제리 504-1,사제로 435
4.21304E+18,부론면 손곡리 531,손곡로 137-8
4.21303E+18,지정면 월송리 441-5,송정로 24
4.21303E+18,지정면 신평리 231-13,신무로 80
4.21303E+18,지정면 신평리 184-8,신무로 54-3
4.21303E+18,호저면 만종리 632-3,신무로 20
4.21303E+18,문막읍 건등리 332-14,왕건로 33-27
4.21303E+18,문막읍 동화리 1545-1,왕건로 204-7
4.21303E+18,호저면 만종리 30-15,우무개로 283
4.21303E+18,소초면 흥양리 87,운곡로 310
4.21301E+18,행구동 392-51,운곡로 261-3
4.21301E+18,행구동 385-8,운곡로 254-20
4.21303E+18,호저면 만종리 506-3,원문로 502-2
4.21303E+18,문막읍 반계리 807-3,원문로 2561-5
4.21303E+18,문막읍 반계리 790-4,원문로 2561-2
4.21303E+18,문막읍 동화리 513,원문로 1442
4.21303E+18,문막읍 동화리 114,원문로 1234
4.21303E+18,지정면 안창리 822,원양2로 315
4.21303E+18,소초면 장양리 410-18,장수1로 232-3
4.21303E+18,소초면 수암리 826-3,장수2로 314
4.21304E+18,부론면 정산리 1073-7,정산로 67-25
4.21304E+18,부론면 정산리 1052,정산로 92
4.21303E+18,지정면 가곡리 1476,조엄로 393
4.21303E+18,지정면 가곡리 1476,조엄로 393
4.21303E+18,지정면 가곡리 1470-1,조엄로 397
4.21303E+18,지정면 판대리 157-38,지정로 1025-26
4.21303E+18,지정면 가곡리 927,질마재로 230
4.21303E+18,소초면 교항리 315-23,치악로 3126-9
4.21303E+18,소초면 평장리 668,치악로 2716
4.21301E+18,태장동 2815,치악로 2009-9
4.21301E+18,단구동 224,치악로 1692
4.21301E+18,단구동 224,치악로 1692
4.21301E+18,단구동 171-2,치악로 1620
4.21301E+18,단구동 143-63,치악로 1591-2
4.21301E+18,단구동 17-1,치악로 1472
4.21301E+18,단구동 9,치악로 1464
4.21301E+18,학성동 365-9,평원로 150
4.21301E+18,행구동 133-33,행구로 486-36
4.21301E+18,태장동 770-6,현충로 11
4.21303E+18,소초면 흥양리 1319,황골로 41
4.21303E+18,소초면 흥양리 1253,황골로 84-11
4.21303E+18,소초면 흥양리 266-5,황골로 438
4.21303E+18,소초면 흥양리 1754-4,흥양로 220
4.21303E+18,지정면 신평리 852-5,신평석화로 93
4.21303E+18,문막읍 건등리 204-8,여원로 2175
4.21304E+18,귀래면 운남리 966-4,부귀로 1955
4.21304E+18,부론면 단강리 1377,부귀로 765-11
4.21304E+18,부론면 단강리 706-1,부귀로 937-4
4.21304E+18,부론면 법천리 1000-1,부귀로 163
4.21304E+18,흥업면 매지리 1779-1,북원로 1126
4.21304E+18,흥업면 흥업리 350-13,북원로 1556-26
4.21304E+18,귀래면 운계리 1275-3,북원로 368
4.21303E+18,소초면 장양리 1310,북원로 2955
4.21303E+18,소초면 장양리 1310,북원로 2955
4.21303E+18,소초면 장양리 1310,북원로 2955
4.21303E+18,소초면 장양리 1310,북원로 2955
4.21303E+18,소초면 장양리 768-5,북원로 2981
4.21303E+18,소초면 장양리 184,북원로 3062-6
4.21301E+18,단계동 199,북원로 2302
4.21304E+18,신림면 성남리 515,성남로 194-42
4.21303E+18,문막읍 반계리 2273-8,반산1로 24
4.21303E+18,문막읍 반계리 2271-3,반산1로 22-1
4.21301E+18,반곡동 1963-7,양지로 114
4.21303E+18,지정면 신평리 1053,기업도시로 145
4.21303E+18,지정면 가곡리 1345-6,무릉로 35-1
4.21303E+18,지정면 가곡리 1512,신지정로 250
4.21303E+18,지정면 가곡리 1512,신지정로 250
4.21303E+18,지정면 가곡리 1501,신지정로 250
4.21303E+18,지정면 가곡리 1501,신지정로 250
4.21303E+18,지정면 가곡리 1501,신지정로 250
4.21303E+18,지정면 가곡리 1501,신지정로 300
4.21303E+18,지정면 가곡리 1468,신지정로 255
4.21303E+18,지정면 가곡리 1468,신지정로 255
4.21303E+18,지정면 가곡리 1468,신지정로 255
4.21303E+18,지정면 가곡리 1386-7,신지정로 177
4.21303E+18,지정면 신평리 1069-2,신평로 2-2
4.21303E+18,지정면 가곡리 1557-3,신평로 191
4.21301E+18,가현동 249-3,가치래미길 13
4.21304E+18,신림면 신림리 433-2,갈곡길 23
4.21301E+18,관설동 1649-2,갈촌길 104-60
4.21301E+18,관설동 1595-22,갈촌길 97-6
4.21301E+18,관설동 1569-1,갈촌길 104-48
4.21303E+18,호저면 매호리 873,고논골길 18-31
4.21301E+18,행구동 154-22,고문골길 45-2
4.21301E+18,행구동 151-7,고문골길 52
4.21303E+18,문막읍 건등리 371-8,구암길 57
4.21304E+18,판부면 금대리 959,금대길 10
4.21304E+18,귀래면 운계리 429-1,까치락길 62-1
4.21301E+18,단구동 737-7,나비허리길 57-3
4.21301E+18,개운동 352-4,남원로602번길 28-2
4.21304E+18,판부면 서곡리 918-2,내도매길 102-3
4.21301E+18,단구동 1662-2,단관길 95
4.21301E+18,일산동 341-7,단구로69번길 41
4.21304E+18,흥업면 흥업리 475,당골길 6
4.21304E+18,흥업면 대안리 1018,대안신촌길 21
4.21303E+18,소초면 흥양리 293-52,대왕고개길 51-10
4.21301E+18,행구동 48-44,덕성길 46-33
4.21303E+18,문막읍 건등리 167-7,동건길 103-8
4.21303E+18,문막읍 동화리 608-54,동건길 59
4.21303E+18,문막읍 동화리 311-4,동화골길 73-5
4.21303E+18,문막읍 동화리 1544-1,동화초교길 21
4.21301E+18,무실동 822-24,둔전길 43-2
4.21303E+18,호저면 주산리 30,막골길 191-1
4.21303E+18,문막읍 궁촌리 1966,만디길 25-43
4.21301E+18,단계동 55-1,모란1길 2
4.21304E+18,부론면 노림리 17-4,모산길 2-5
4.21304E+18,부론면 노림리 12-9,모산길 18-6
4.21304E+18,부론면 노림리 8-1,모산길 15-1
4.21304E+18,부론면 노림리 5-1,모산길 21-17
4.21301E+18,단계동 341-53,무실로176번길 11-8
4.21301E+18,무실동 634-1,무실밤골길 29
4.21304E+18,판부면 서곡리 586-50,무실복거리길 9-9
4.21303E+18,문막읍 반계리 2242,문막공단길 128
4.21304E+18,귀래면 주포리 103-1,미륵산길 155-32
4.21301E+18,반곡동 1597-1,반곡길 120
4.21304E+18,신림면 구학리 298-1,방학동길 14-2
4.21304E+18,신림면 구학리 39-3,방학동길 21-27
4.21303E+18,소초면 학곡리 66-1,백교안길 91-3
4.21304E+18,판부면 서곡리 1718-1,백운산길 67-61
4.21304E+18,판부면 서곡리 1618,백운산길 21
4.21304E+18,판부면 서곡리 1339-14,백운정윗길 34-13
4.21304E+18,판부면 서곡리 1319-4,백운정윗길 24
4.21303E+18,소초면 둔둔리 769,버덩마을길 7
4.21303E+18,소초면 둔둔리 435,버덩마을길 95-1
4.21304E+18,부론면 단강리 607-1,벌말길 44-10
4.21303E+18,문막읍 반계리 1752-8,벌무내기길 73-5
4.21304E+18,귀래면 운남리 755-4,법동길 53-39
4.21304E+18,귀래면 운남리 590-2,법동길 3
4.21304E+18,흥업면 사제리 774,복거리길 43
4.21304E+18,흥업면 사제리 770,복거리길 45
4.21304E+18,흥업면 사제리 754-47,복거리길 62-4
4.21301E+18,반곡동 253-3,봉대길 77
4.21301E+18,봉산동 1062-22,봉산3길 17
4.21304E+18,흥업면 사제리 73-1,봉현길 118-14
4.21303E+18,지정면 판대리 261-4,부처동길 13-17
4.21301E+18,태장동 1378,북원로2704번길 18
4.21304E+18,흥업면 매지리 192-3,분지동길 27-14
4.21304E+18,흥업면 매지리 48-3,분지동길 106-20
4.21304E+18,부론면 단강리 1525-5,사기막길 235
4.21304E+18,부론면 단강리 348,사기막길 49-15
4.21304E+18,부론면 단강리 83,사기막길 373
4.21303E+18,문막읍 반계리 862-13,사자골길 314
4.21303E+18,문막읍 반계리 862-13,사자골길 314
4.21303E+18,문막읍 반계리 862,사자골길 314
4.21303E+18,문막읍 반계리 862,사자골길 314
4.21303E+18,소초면 흥양리 1390-10,살여울길 50
4.21303E+18,소초면 흥양리 688-3,상초구길 35-159
4.21304E+18,판부면 서곡리 445-62,서곡널다리길 14
4.21301E+18,행구동 638-13,서천담길 12-10
4.21303E+18,문막읍 건등리 1063-44,석지1길 282
4.21303E+18,문막읍 건등리 1054-4,석지2길 36
4.21304E+18,부론면 단강리 1406,섬뜰작실길 26-10
4.21301E+18,관설동 429-5,섭재길 103
4.21301E+18,관설동 420-3,섭재길 96
4.21301E+18,반곡동 551-21,섭재삼보길 236-4
4.21301E+18,반곡동 543-2,섭재삼보길 252-2
4.21301E+18,단계동 782-10,소삼터길 31
4.21301E+18,무실동 118-6,송삼길 216-63
4.21304E+18,흥업면 대안리 700-4,승안동길 146-6
4.21304E+18,흥업면 대안리 700-4,승안동길 146-6
4.21303E+18,소초면 수암리 1107,신양선녀길 208-52
4.21303E+18,소초면 수암리 545,싱근솔길 28
4.21303E+18,소초면 수암리 529-4,싱근솔길 22-31
4.21303E+18,소초면 수암리 166,싱근솔길 169
4.21303E+18,소초면 평장리 129,어용골길 17-3
4.21301E+18,행구동 1512-107,영랑길 105-6
4.21303E+18,호저면 광격리 784,영산길 54-34
4.21301E+18,반곡동 1454-8,오리현길 71-3
4.21301E+18,단구동 1711,오성마을길 63-30
4.21301E+18,단구동 1711,오성마을길 63-30
4.21303E+18,지정면 간현리 273,오얏길 26
4.21303E+18,지정면 가곡리 112-23,요대길 24-19
4.21303E+18,지정면 가곡리 838-30,요대길 24-16
4.21303E+18,지정면 가곡리 151-5,요대길 30-1
4.21304E+18,흥업면 사제리 245-5,요동길 82-18
4.21304E+18,판부면 서곡리 875-48,용수골길 126-2
4.21304E+18,귀래면 용암리 194-2,용암동막길 299
4.21301E+18,가현동 570-5,우두산길 154
4.21304E+18,귀래면 운남리 539-2,운남길 19
4.21301E+18,반곡동 1188-2,유만길 29
4.21301E+18,단계동 381-14,이화5길 34-6
4.21301E+18,가현동 611,자은향길 92
4.21303E+18,지정면 보통리 549-16,작압길 83-2
4.21304E+18,신림면 황둔리 1005-2,재사동길 65
4.21304E+18,신림면 황둔리 1003-2,재사동길 57
4.21301E+18,가현동 693-3,저금어지길 311-14
4.21301E+18,태장동 399-1,적동1길 160-10
4.21304E+18,신림면 용암리 611-11,정암길 57-6
4.21301E+18,학성동 517,정지길 195-13
4.21301E+18,무실동 721-21,지니기길 99-22
4.21301E+18,무실동 708-9,지니기길 11-22
4.21303E+18,문막읍 건등리 1144-4,지샘등안길 39-20
4.21304E+18,신림면 성남리 37-8,축치동길 84-9
4.21304E+18,신림면 용암리 885-1,탑골길 20-3
4.21301E+18,태장동 1738,태장공단길 42-24
4.21304E+18,판부면 신촌리 882,판부신촌길 212-3
4.21301E+18,단계동 813-3,평원초교길 28-4
4.21303E+18,소초면 평장리 258,평장안골1길 119
4.21303E+18,소초면 평장리 83-1,평장안골1길 167
4.21303E+18,소초면 흥양리 582,하초구길 103-11
4.21304E+18,부론면 정산리 558,학고개길 75
4.21304E+18,부론면 정산리 558,학고개길 75
4.21304E+18,부론면 정산리 558,학고개길 75
4.21304E+18,부론면 정산리 477,학고개길 75
4.21301E+18,단구동 161-2,홍판서길 82-1
4.21301E+18,행구동 1549,화실유암길 92-29
4.21304E+18,신림면 구학리 602-1,황학길 23-37
4.21304E+18,신림면 금창리 52-1,흑천길 71-14
4.21301E+18,태장동 1054-49,흥양로18번길 19-33
4.21301E+18,태장동 2793,흥양로51번길 40
4.21301E+18,태장동 2793,흥양로51번길 40
4.21301E+18,태장동 2793,흥양로51번길 40
4.21304E+18,흥업면 매지리 153-30,분지동1길 46
4.21303E+18,호저면 무장리 604,호매곡1길 302
4.21303E+18,호저면 주산리 1083,호매곡1길 137
4.21301E+18,무실동 1857-16,능라동길 31
4.21301E+18,무실동 1833-8,봉바위길 22
4.21304E+18,흥업면 대안리 779-38,대안천길 52-15
4.21301E+18,반곡동 2007-12,해오름1길 15-2
4.21301E+18,반곡동 1995-22,해오름2길 49
4.21301E+18,반곡동 1995-14,해오름2길 41
4.21301E+18,반곡동 2031-5,달마중2길 5-4
4.21301E+18,반곡동 2027-3,달마중3길 6-3
4.21303E+18,지정면 가곡리 1436-7,능마루길 23-1
4.21301E+18,단구동 851-58,우러리길 11
4.21301E+18,단구동 851-44,우러리길 13
4.21301E+18,단계동 1221,서원대로 35
4.21304E+18,신림면 구학리 258-3,구학산로 1579
4.21304E+18,신림면 황둔리 1724-65,신림황둔로 557-5
4.21304E+18,신림면 황둔리 1536-1,신림황둔로 693
4.21304E+18,신림면 성남리 116-2,신림황둔로 282
4.21304E+18,신림면 신림리 158-53,신림황둔로 164-21
4.21303E+18,지정면 월송리 123,월송석화로 540
4.21303E+18,지정면 월송리 992,월송석화로 570
4.21303E+18,지정면 월송리 925-3,월송석화로 516
4.21303E+18,지정면 월송리 904-12,월송석화로 396
4.21303E+18,지정면 월송리 535-5,월송석화로 72
4.21303E+18,소초면 장양리 1254-13,가현로 354
4.21301E+18,가현동 260,가현로 186
4.21301E+18,단구동 227-16,강변로 315
4.21304E+18,부론면 노림리 1304,견훤로 689-34
4.21304E+18,부론면 노림리 1297,견훤로 689-38
4.21304E+18,부론면 노림리 1297,견훤로 689-38
4.21303E+18,문막읍 후용리 1534-1,견훤로 941-102
4.21303E+18,문막읍 후용리 1007,견훤로 1079-27
4.21304E+18,흥업면 흥업리 1848-1,남원로 20-3
4.21304E+18,흥업면 흥업리 727-2,남원로 111-21
4.21304E+18,흥업면 흥업리 727-2,남원로 111-21
4.21301E+18,단구동 1433-1,늘품로 187-59
4.21301E+18,단구동 686-5,단구로 312
4.21304E+18,흥업면 대안리 1991-24,대안로 511-22
4.21304E+18,흥업면 대안리 1-8,대안로 1032
4.21301E+18,반곡동 1184-6,동부순환로 35-5
4.21301E+18,행구동 1779-9,동부순환로 325-11
4.21301E+18,행구동 1689,동부순환로 261
4.21301E+18,행구동 1579,동부순환로 338-46
4.21303E+18,문막읍 동화리 1039-29,동화공단로 174-13
4.21303E+18,문막읍 동화리 1039,동화공단로 174-15
4.21301E+18,무실동 412,만대로 16-6
4.21303E+18,호저면 매호리 782,매호로 143
4.21303E+18,호저면 매호리 505-3,매호로 95-1
4.21301E+18,단계동 533-11,봉화로 169
4.21304E+18,부론면 정산리 2061-16,부론로 247
4.21304E+18,부론면 정산리 1599-2,부론로 544
4.21304E+18,부론면 법천리 1210-8,부론로 146-6
4.21304E+18,흥업면 사제리 820,사제로 339-23
4.21303E+18,소초면 평장리 1289-1,섬배로 177-12
4.21301E+18,무실동 1724-2,시청로 15-1
4.21303E+18,지정면 신평리 187-12,신무로 52-10
4.21303E+18,문막읍 건등리 332-1,왕건로 33-36
4.21303E+18,문막읍 동화리 1542-7,왕건로 44
4.21303E+18,호저면 만종리 30-15,우무개로 283
4.21301E+18,우산동 218-22,우무개로 79
4.21301E+18,행구동 392-21,운곡로 261-2
4.21301E+18,행구동 386-9,운곡로 264-4
4.21304E+18,흥업면 사제리 200-23,원문로 777
4.21303E+18,문막읍 건등리 1488,원문로 1660
4.21303E+18,문막읍 건등리 604,원문로 1764
4.21303E+18,문막읍 동화리 759,원문로 1508-57
4.21303E+18,문막읍 문막리 750,원문로 1765
4.21303E+18,문막읍 문막리 547-43,원문로 1809
4.21303E+18,지정면 안창리 822,원양2로 315
4.21301E+18,일산동 168-11,일산로 11-1
4.21303E+18,소초면 수암리 1170-4,장수2로 204
4.21303E+18,소초면 수암리 826-3,장수2로 314
4.21304E+18,부론면 정산리 1052,정산로 92
4.21303E+18,지정면 가곡리 1476,조엄로 393
4.21303E+18,지정면 가곡리 1476,조엄로 393
4.21303E+18,지정면 가곡리 1476,조엄로 393
4.21303E+18,지정면 가곡리 1470-1,조엄로 397
4.21303E+18,지정면 가곡리 1470-1,조엄로 397
4.21303E+18,지정면 가곡리 1283-3,조엄로 347
4.21303E+18,지정면 가곡리 142-24,지래울로 110-24
4.21303E+18,지정면 안창리 608,지정로 877-8
4.21303E+18,지정면 안창리 595-3,지정로 904
4.21303E+18,지정면 보통리 314-8,질마재로 79-2
4.21303E+18,지정면 보통리 162,질마재로 29-19
4.21303E+18,지정면 보통리 162,질마재로 29-19
4.21303E+18,지정면 보통리 151-2,질마재로 24-10
4.21303E+18,지정면 보통리 151-2,질마재로 24-10
4.21301E+18,태장동 2796,치악로 1989-1
4.21301E+18,태장동 2796,치악로 1989
4.21303E+18,소초면 교항리 170-6,치악로 3230-5
4.21303E+18,소초면 수암리 796,치악로 2467
4.21301E+18,관설동 1426-44,치악로 1463-9
4.21301E+18,관설동 555,치악로 1384
4.21301E+18,태장동 338-20,치악로 2239-12
4.21301E+18,태장동 338-14,치악로 2255-7
4.21301E+18,단구동 224,치악로 1692
4.21301E+18,단구동 224,치악로 1692
4.21303E+18,호저면 산현리 178-1,칠봉로 368-15
4.21303E+18,호저면 용곡리 397,칠봉로 879-6
4.21303E+18,호저면 주산리 992-12,칠봉로 109-128
4.21303E+18,호저면 주산리 461-2,호저로 389
4.21303E+18,호저면 주산리 461-2,호저로 389
4.21303E+18,소초면 흥양리 206-2,황골로 388-4
4.21303E+18,호저면 무장리 1434-2,신평석화로 151-5
4.21304E+18,귀래면 운남리 954-4,부귀로 1977-1
4.21304E+18,부론면 단강리 706-1,부귀로 937-4
4.21304E+18,흥업면 흥업리 1581-11,북원로 1569-59
4.21303E+18,소초면 장양리 1310,북원로 2955
4.21303E+18,소초면 장양리 1310,북원로 2955
4.21303E+18,소초면 장양리 1310,북원로 2955
4.21303E+18,소초면 장양리 1310,북원로 2955
4.21303E+18,소초면 장양리 1310,북원로 2955
4.21303E+18,소초면 장양리 1310,북원로 2955
4.21303E+18,소초면 장양리 1310,북원로 2955
4.21301E+18,무실동 946-1,북원로 1833
4.21304E+18,신림면 성남리 707,성남로 249-26
4.21304E+18,신림면 성남리 158-17,성남로 54-2
4.21303E+18,문막읍 반계리 2255-7,반산2로 98
4.21301E+18,행구동 1512-60,양지로 209
4.21304E+18,신림면 신림리 710-15,제원로 1455
4.21304E+18,신림면 신림리 612-5,제원로 1390-1
4.21304E+18,신림면 황둔리 11-1,오미로 786-31
4.21303E+18,지정면 신평리 1212,청정로 84
4.21303E+18,지정면 신평리 1212,청정로 84
4.21303E+18,지정면 가곡리 1512,신지정로 250
4.21303E+18,지정면 가곡리 1501,신지정로 250
4.21303E+18,지정면 가곡리 1501,신지정로 250
4.21303E+18,지정면 가곡리 1501,신지정로 300
4.21303E+18,지정면 가곡리 1468,신지정로 255
4.21303E+18,지정면 가곡리 1420-3,신지정로 153-15
4.21303E+18,지정면 가곡리 1390-3,신지정로 189-7
4.21303E+18,지정면 가곡리 1347-1,신지정로 216
4.21303E+18,지정면 신평리 1064-1,신평로 35
4.21301E+18,태장동 2059,서부순환로 20
4.21303E+18,지정면 월송리 679-1,가마골길 37
4.21303E+18,지정면 간현리 80-1,간현로162번길 128
4.21301E+18,관설동 1595-14,갈촌길 99-6
4.21301E+18,관설동 1590-1,갈촌길 100
4.21301E+18,관설동 1378-1,갈촌길 90
4.21303E+18,호저면 만종리 432,감박산길 88
4.21301E+18,봉산동 779-19,개륜1길 50-50
4.21303E+18,소초면 장양리 1232,검엉터길 148-2
4.21304E+18,귀래면 귀래리 25,곰네미길 93-3
4.21303E+18,소초면 교항리 857-2,교항공산길 144-11
4.21303E+18,지정면 판대리 444,구룡동길 73
4.21301E+18,명륜동 2-4,남산고개길 55
4.21304E+18,판부면 서곡리 79-14,내남송길 131-25
4.21304E+18,판부면 서곡리 1460-2,내동막길 132
4.21303E+18,소초면 흥양리 406-30,대왕고개길 44-33
4.21304E+18,흥업면 매지리 846,더덕골길 113
4.21304E+18,판부면 서곡리 773-11,도매촌길 48-14
4.21303E+18,문막읍 건등리 167-11,동건길 103-12
4.21303E+18,문막읍 건등리 124-64,동건길 123-60
4.21301E+18,일산동 228-2,동진골2길 32
4.21303E+18,문막읍 동화리 561-1,동화골길 25
4.21304E+18,흥업면 대안리 556-1,돼니길 32-60
4.21304E+18,흥업면 대안리 556-1,돼니길 32-60
4.21303E+18,호저면 옥산리 167-1,마근거리길 99
4.21303E+18,호저면 옥산리 89-1,마근거리길 67
4.21303E+18,호저면 주산리 112,막골길 84
4.21303E+18,문막읍 궁촌리 1966,만디길 25-43
4.21303E+18,문막읍 궁촌리 1966,만디길 25-43
4.21304E+18,흥업면 매지리 581-3,매지회촌길 64
4.21301E+18,단계동 57-2,모란2길 31
4.21304E+18,부론면 노림리 17-3,모산길 2-9
4.21303E+18,소초면 학곡리 856-3,무쇠점1길 12-2
4.21301E+18,무실동 137-5,무실밤골길 87
4.21301E+18,무실동 137-3,무실밤골길 87
4.21303E+18,문막읍 문막리 91-1,문막골말길 76
4.21303E+18,문막읍 반계리 2239,문막공단길 106
4.21303E+18,문막읍 반계리 5-42,문막공단길 247
4.21303E+18,문막읍 반계리 5-6,문막공단길 231
4.21303E+18,문막읍 반계리 1-4,문막공단길 260
4.21303E+18,문막읍 취병리 17-10,문막공단길 276-2
4.21303E+18,문막읍 문막리 237,문막시장1길 58
4.21303E+18,문막읍 문막리 533-2,문막시장3길 2
4.21304E+18,귀래면 운계리 1244-3,미륵산길 18
4.21301E+18,태장동 1024-6,방강골길 15
4.21304E+18,신림면 구학리 429-11,방학동길 192-2
4.21304E+18,신림면 구학리 399,방학동길 153-19
4.21304E+18,신림면 구학리 39,방학동길 21-20
4.21304E+18,부론면 단강리 436,벌말길 21
4.21303E+18,문막읍 취병리 568-3,벌새터길 54
4.21304E+18,귀래면 운남리 755-15,법동길 53-41
4.21304E+18,흥업면 사제리 779,복거리길 49-8
4.21301E+18,반곡동 266-4,봉대길 93
4.21301E+18,행구동 888-74,봉대길 8-8
4.21301E+18,단계동 786-12,북원로2246번길 23-1
4.21301E+18,우산동 291-3,북원로2475번길 43
4.21301E+18,태장동 1373,북원로2718번길 56
4.21303E+18,문막읍 비두리 1052-2,비두네미2길 6-23
4.21304E+18,부론면 단강리 480,사기막길 4
4.21304E+18,부론면 단강리 240-1,사기막길 103-43
4.21303E+18,문막읍 반계리 862-13,사자골길 314
4.21303E+18,문막읍 반계리 862-13,사자골길 314
4.21303E+18,문막읍 반계리 862-13,사자골길 314
4.21303E+18,문막읍 반계리 862,사자골길 314
4.21303E+18,문막읍 비두리 2265-2,사흥길 39
4.21303E+18,호저면 주산리 21-27,살감길 64-4
4.21303E+18,소초면 흥양리 1390-9,살여울길 50-2
4.21303E+18,소초면 흥양리 1352-1,살여울길 47
4.21301E+18,우산동 660,상지대길 83
4.21304E+18,판부면 서곡리 46-18,서곡길 161-17
4.21303E+18,문막읍 궁촌리 242-1,서들길 26-71
4.21303E+18,문막읍 건등리 1219-6,석지1길 180-11
4.21303E+18,문막읍 건등리 1063-85,석지1길 276-16
4.21303E+18,문막읍 건등리 738-1,석지1길 106-9
4.21301E+18,관설동 414-4,섭재길 104
4.21301E+18,반곡동 605-34,섭재삼보길 160-11
4.21301E+18,반곡동 605-34,섭재삼보길 160-11
4.21301E+18,무실동 1201-1,송삼길 129
4.21301E+18,무실동 1182-7,송삼길 138
4.21301E+18,무실동 1154-1,송삼길 144
4.21303E+18,소초면 흥양리 228-4,송황유사길 213-19
4.21303E+18,소초면 흥양리 1633-6,송황유사길 40-14
4.21303E+18,소초면 흥양리 1086-1,송황유사길 203
4.21303E+18,소초면 수암리 1316,수래울길 90-10
4.21304E+18,흥업면 사제리 1579-2,수루니길 113-7
4.21303E+18,소초면 수암리 1364-12,수암회촌길 11
4.21304E+18,흥업면 대안리 700-4,승안동길 146-6
4.21304E+18,흥업면 대안리 700-4,승안동길 146-6
4.21304E+18,흥업면 대안리 636,승안동길 242-20
4.21303E+18,소초면 수암리 529-3,싱근솔길 22-27
4.21303E+18,소초면 수암리 172,싱근솔길 158
4.21303E+18,소초면 수암리 166,싱근솔길 169
4.21304E+18,판부면 서곡리 612,아랫거리길 6-4
4.21304E+18,부론면 손곡리 637,알산골길 69
4.21301E+18,단구동 1694-13,앙월길 47-1
4.21303E+18,소초면 평장리 129,어용골길 17-3
4.21301E+18,단구동 1721,오성마을길 63-25
4.21301E+18,단구동 1711,오성마을길 63-30
4.21301E+18,단구동 1711,오성마을길 63-30
4.21303E+18,지정면 가곡리 112-44,요대길 24-21
4.21304E+18,판부면 서곡리 875-53,용수골길 126-6
4.21304E+18,판부면 서곡리 863,용수골길 89-6
4.21304E+18,귀래면 운계리 23,운계다둔길 102-40
4.21304E+18,귀래면 운남리 136-1,운남길 419
4.21301E+18,단계동 105-7,원문로118번길 41
4.21303E+18,지정면 월송리 647-4,월호동길 65-15
4.21301E+18,반곡동 1205-5,유만길 43
4.21301E+18,단계동 33-1,이화5길 6
4.21301E+18,일산동 153-7,일산로36번길 17
4.21303E+18,지정면 월송리 561-1,자작길 73
4.21301E+18,단계동 849,장미공원길 9
4.21303E+18,지정면 판대리 21-6,장지길 70-1
4.21303E+18,호저면 무장리 263,장포안길 71
4.21304E+18,신림면 황둔리 1005-1,재사동길 63
4.21303E+18,지정면 월송리 955-1,정골길 42
4.21304E+18,신림면 용암리 237,정암길 24-28
4.21304E+18,신림면 신림리 581,정암길 150
4.21303E+18,문막읍 건등리 1144-4,지샘등안길 39-20
4.21303E+18,문막읍 건등리 1144-1,지샘등안길 39-20
4.21303E+18,문막읍 건등리 1144-1,지샘등안길 39-20
4.21304E+18,신림면 성남리 105-1,축치동길 2
4.21304E+18,신림면 성남리 105-1,축치동길 2
4.21304E+18,판부면 서곡리 7-51,취실길 45-6
4.21304E+18,판부면 서곡리 580-5,취실길 65-2
4.21303E+18,호저면 산현리 551-2,칠봉마을길 61
4.21301E+18,태장동 1738,태장공단길 42-24
4.21301E+18,태장동 1720-16,태장공단길 42-13
4.21301E+18,단구동 1632-3,토지길 23
4.21303E+18,소초면 평장리 86-4,평장골말길 8-28
4.21303E+18,소초면 평장리 825,평장동길 86-5
4.21303E+18,소초면 평장리 792,평장안골1길 15
4.21303E+18,지정면 신평리 213-16,하차면길 48
4.21303E+18,소초면 흥양리 489,하초구길 113
4.21304E+18,부론면 정산리 558,학고개길 75
4.21304E+18,부론면 정산리 558,학고개길 75
4.21304E+18,부론면 정산리 477,학고개길 75
4.21301E+18,태장동 950-12,현충로232번길 14-1
4.21301E+18,태장동 950-10,현충로232번길 14
4.21301E+18,태장동 1397-22,현충로322번길 14
4.21301E+18,태장동 689-10,현충로58번길 12
4.21301E+18,행구동 1549,화실유암길 92-29
4.21304E+18,신림면 구학리 606,황학길 21-23
4.21304E+18,판부면 금대리 100,휴양림길 66
4.21304E+18,신림면 금창리 52-1,흑천길 71-14
4.21303E+18,지정면 안창리 497-6,흥법사지길 216
4.21303E+18,지정면 안창리 497-3,흥법사지길 212
4.21301E+18,태장동 1054-58,흥양로18번길 19-32
4.21301E+18,태장동 2793,흥양로51번길 40
4.21304E+18,흥업면 흥업리 1403-8,흥업신촌길 19
4.21304E+18,흥업면 매지리 153-54,분지동1길 61
4.21304E+18,흥업면 매지리 153-30,분지동1길 46
4.21301E+18,행구동 500-23,청솔길 53
4.21303E+18,호저면 주산리 1158,호매곡1길 201
4.21303E+18,호저면 주산리 321,호매곡1길 41
4.21304E+18,흥업면 대안리 843-5,대안천길 52-24
4.21304E+18,흥업면 대안리 779-34,대안천길 52-13
4.21301E+18,무실동 1786-3,무실본동길 51-1
4.21301E+18,단계동 1207-21,전망길 12
4.21301E+18,반곡동 1934-11,웅비4길 14
4.21301E+18,반곡동 1989-14,봉황1길 39
4.21301E+18,반곡동 2001-5,해오름1길 8
4.21301E+18,반곡동 2001-2,해오름2길 2
4.21301E+18,반곡동 110-5,뱅이둑길 77-37
4.21303E+18,지정면 가곡리 1439-14,능마루길 4-18
4.21304E+18,신림면 황둔리 1070,병안골길 119
4.21301E+18,행구동 1856-1,화실건너들길 14-2
4.21301E+18,행구동 1854-1,화실건너들길 22
4.21301E+18,단계동 876-6,서원대로 161
4.21304E+18,신림면 구학리 344,구학산로 1538-41
4.21304E+18,신림면 구학리 200-4,구학산로 1581-11
4.21304E+18,귀래면 운남리 75-1,내창로 1416
4.21304E+18,신림면 황둔리 1724-64,신림황둔로 557-4
4.21304E+18,신림면 황둔리 1600-2,신림황둔로 655-1
4.21304E+18,신림면 신림리 537-5,신림황둔로 11
4.21304E+18,신림면 신림리 217-20,신림황둔로 190-1
4.21303E+18,호저면 광격리 1100-6,광학로 143-6
4.21303E+18,호저면 광격리 853-1,광학로 75-1
4.21303E+18,호저면 광격리 561-22,광학로 163-4
4.21301E+18,학성동 74-1,강변로 607
4.21303E+18,문막읍 건등리 584-2,건등로 62
4.21304E+18,부론면 노림리 1297,견훤로 689-38
4.21304E+18,부론면 노림리 1297,견훤로 689-38
4.21304E+18,부론면 노림리 74-3,견훤로 708
4.21303E+18,문막읍 후용리 1534-1,견훤로 941-102
4.21303E+18,문막읍 후용리 1482,견훤로 941-23
4.21303E+18,문막읍 후용리 487-11,견훤로 862-4
4.21304E+18,귀래면 귀래리 971,귀문로 323-34
4.21303E+18,문막읍 궁촌리 1343-1,귀문로 1269-16
4.21304E+18,흥업면 흥업리 1850-3,남원로 20-12
4.21301E+18,개운동 435-3,남원로 562-9
4.21301E+18,단계동 795-1,단구로 45-21
4.21304E+18,흥업면 대안리 2206-3,대안로 386
4.21304E+18,흥업면 대안리 2116,대안로 446
4.21304E+18,흥업면 대안리 2116,대안로 446
4.21304E+18,흥업면 대안리 941-2,대안로 950
4.21304E+18,흥업면 대안리 337-15,대안로 1031-6
4.21304E+18,흥업면 대안리 32-7,대안로 1016-41
4.21304E+18,흥업면 대안리 1-8,대안로 1032
4.21303E+18,소초면 수암리 1603,동부순환로 807
4.21301E+18,행구동 1832-25,동부순환로 338-22
4.21301E+18,행구동 1779-20,동부순환로 325
4.21301E+18,봉산동 517-6,동부순환로 346
4.21301E+18,태장동 460-39,동부순환로 887-1
4.21301E+18,태장동 460-39,동부순환로 887-1
4.21303E+18,소초면 둔둔리 240-10,둔둔로 127
4.21303E+18,지정면 보통리 24,보통로 589
4.21301E+18,단계동 455-38,봉화로 97-1
4.21304E+18,흥업면 사제리 98-18,사제로 401-22
4.21304E+18,흥업면 흥업리 1547-10,사제로 57-1
4.21304E+18,부론면 손곡리 536-1,손곡로 137-10
4.21303E+18,지정면 신평리 184-8,신무로 54-3
4.21303E+18,호저면 만종리 632-3,신무로 20
4.21303E+18,호저면 만종리 632-3,신무로 20
4.21303E+18,문막읍 건등리 204-33,왕건로 5-19
4.21301E+18,우산동 390-5,우산로 177
4.21303E+18,소초면 흥양리 87,운곡로 310
4.21303E+18,소초면 흥양리 87,운곡로 310
4.21301E+18,행구동 385-8,운곡로 254-20
4.21303E+18,호저면 만종리 631-4,원문로 548-11
4.21303E+18,호저면 만종리 495-3,원문로 502
4.21303E+18,문막읍 대둔리 40,원문로 2644-18
4.21303E+18,문막읍 반계리 807-11,원문로 2561-6
4.21303E+18,문막읍 반계리 790-4,원문로 2561-2
4.21303E+18,문막읍 반계리 758-1,원문로 2535
4.21303E+18,소초면 수암리 1258,장수2로 268
4.21303E+18,소초면 장양리 394,장수2로 196-16
4.21304E+18,부론면 정산리 1052,정산로 92
4.21304E+18,부론면 손곡리 1267-10,정산로 608-1
4.21303E+18,지정면 가곡리 1470-1,조엄로 397
4.21303E+18,지정면 가곡리 1283-3,조엄로 347
4.21303E+18,지정면 보통리 151-2,질마재로 24-10
4.21303E+18,문막읍 취병리 665-3,취병로 299
4.21301E+18,태장동 2796,치악로 1989-3
4.21304E+18,신림면 금창리 565,치악로 427-20
4.21304E+18,신림면 신림리 519-3,치악로 28-5
4.21304E+18,판부면 금대리 133-2,치악로 559
4.21303E+18,소초면 흥양리 1719-2,치악로 2325
4.21301E+18,봉산동 1130-18,치악로 1866-19
4.21301E+18,단구동 224,치악로 1692
4.21301E+18,단구동 224,치악로 1692
4.21301E+18,태장동 577-29,포란재로 54
4.21301E+18,태장동 577-9,포란재로 38
4.21301E+18,태장동 797-18,현충로 21
4.21303E+18,호저면 고산리 616-29,호저로 1079
4.21303E+18,소초면 흥양리 447,황골로 338
4.21303E+18,소초면 흥양리 94-4,황골로 442-40
4.21304E+18,신림면 황둔리 3-16,솔치로 23
4.21303E+18,문막읍 건등리 204-8,여원로 2175
4.21304E+18,귀래면 주포리 402,부귀로 1561-9
4.21304E+18,부론면 단강리 635,부귀로 1089-6
4.21304E+18,귀래면 운계리 833-5,북원로 272
4.21304E+18,귀래면 운계리 561-5,북원로 310-20
4.21304E+18,귀래면 귀래리 92-3,북원로 817
4.21303E+18,소초면 장양리 1310,북원로 2955
4.21303E+18,소초면 장양리 1310,북원로 2955
4.21303E+18,소초면 장양리 1310,북원로 2955
4.21303E+18,소초면 장양리 1310,북원로 2955
4.21303E+18,소초면 장양리 1310,북원로 2955
4.21303E+18,소초면 장양리 1310,북원로 2955
4.21303E+18,소초면 장양리 1310,북원로 2955
4.21303E+18,소초면 장양리 1310,북원로 2955
4.21301E+18,무실동 763-1,북원로 1860-1
4.21301E+18,태장동 1969,북원로 2850
4.21301E+18,단계동 199,북원로 2302
4.21301E+18,반곡동 1956-1,혁신로 249
4.21301E+18,반곡동 1916-1,혁신로 125
4.21301E+18,반곡동 1910-6,세계로 31
4.21303E+18,지정면 가곡리 1512,신지정로 250
4.21303E+18,지정면 가곡리 1501,신지정로 250
4.21303E+18,지정면 가곡리 1501,신지정로 250
4.21303E+18,지정면 가곡리 1501,신지정로 300
4.21303E+18,지정면 가곡리 1497-1,신지정로 322-1
4.21303E+18,지정면 가곡리 1468,신지정로 255
4.21303E+18,지정면 가곡리 1348-2,신지정로 202
4.21303E+18,지정면 가곡리 1546-2,신지정로 431
4.21303E+18,지정면 가곡리 1374-10,신지정로 197-5
4.21303E+18,지정면 가곡리 1526,가곡로 87
4.21303E+18,지정면 가곡리 766-23,가곡새말길 9-12
4.21303E+18,지정면 가곡리 743,가곡새말길 44
4.21301E+18,태장동 730-25,가매기길 5-1
4.21301E+18,일산동 184-50,갈머리2길 17-7
4.21301E+18,관설동 1595-20,갈촌길 99-9
4.21301E+18,관설동 1378-1,갈촌길 90
4.21301E+18,봉산동 793-1,개륜1길 35
4.21303E+18,호저면 매호리 873,고논골길 18-31
4.21303E+18,호저면 매호리 873,고논골길 18-31
4.21303E+18,소초면 교항리 750-2,교항공산길 128
4.21303E+18,지정면 판대리 430-4,구룡동길 29
4.21303E+18,호저면 만종리 1129,굴미실길 64
4.21304E+18,귀래면 귀래리 244-2,귀래아랫말길 2-8
4.21304E+18,판부면 금대리 1255-7,금대길 74
4.21304E+18,판부면 금대리 1255,금대길 76
4.21304E+18,판부면 금대리 728-6,금대길 185-7
4.21304E+18,부론면 법천리 509,금박골길 89
4.21304E+18,귀래면 운계리 910,까치락길 22-2
4.21301E+18,일산동 247-105,남산로149번길 1-8
4.21304E+18,판부면 서곡리 142,내남송길 103
4.21303E+18,호저면 대덕리 1058-2,노월길 47
4.21301E+18,단구동 571-10,단구로243번길 10-2
4.21301E+18,단구동 140-2,단사정길 18-12
4.21304E+18,흥업면 대안리 1350,대안신촌길 88
4.21303E+18,소초면 흥양리 293-52,대왕고개길 51-10
4.21301E+18,행구동 48-3,덕성길 46-32
4.21303E+18,문막읍 건등리 179-8,동건길 91-10
4.21303E+18,호저면 주산리 112,막골길 84
4.21303E+18,호저면 주산리 20-1,막골길 186-8
4.21303E+18,문막읍 궁촌리 156,만디길 54-1
4.21303E+18,문막읍 궁촌리 1966,만디길 25-43
4.21303E+18,문막읍 건등리 69-5,명봉산길 108-24
4.21301E+18,단계동 80-4,모란1길 7
4.21304E+18,부론면 노림리 19-5,모산길 2-11
4.21301E+18,단계동 556-1,무상길 28
4.21301E+18,단계동 493-12,무상길 27
4.21301E+18,무실동 149,무실밤골길 92-3
4.21301E+18,무실동 137-1,무실밤골길 87
4.21303E+18,문막읍 반계리 2242,문막공단길 128
4.21303E+18,문막읍 반계리 2239,문막공단길 106
4.21303E+18,문막읍 문막리 250-12,문막시장1길 46-6
4.21303E+18,문막읍 문막리 237,문막시장1길 58
4.21301E+18,반곡동 1382-4,반곡길 164
4.21304E+18,판부면 서곡리 1030-5,백운정길 42
4.21303E+18,소초면 둔둔리 769,버덩마을길 7
4.21304E+18,부론면 단강리 436,벌말길 21
4.21303E+18,문막읍 반계리 657-10,벌무내기길 13
4.21304E+18,부론면 법천리 1533-7,법천시장길 36-1
4.21304E+18,흥업면 사제리 721-1,복거리길 106
4.21301E+18,우산동 154-4,북원로2425번길 25-32
4.21303E+18,문막읍 반계리 862-13,사자골길 314
4.21303E+18,문막읍 반계리 862-13,사자골길 314
4.21303E+18,문막읍 반계리 862-13,사자골길 314
4.21301E+18,행구동 1106-3,살구둑길 60
4.21301E+18,봉산동 98,살대울모래기길 66
4.21303E+18,호저면 만종리 248-2,상만종길 43-36
4.21301E+18,우산동 120-1,상지대길 58-38
4.21303E+18,지정면 월송리 187-66,생골길 24-41
4.21303E+18,지정면 월송리 187-62,생골길 24-36
4.21301E+18,관설동 354-1,섭재길 51
4.21304E+18,신림면 황둔리 635-5,소야1길 49-6
4.21304E+18,신림면 황둔리 601,소야2길 30
4.21304E+18,신림면 황둔리 583-3,소야2길 10-5
4.21304E+18,부론면 손곡리 541-7,손곡새말길 38-39
4.21303E+18,호저면 고산리 342-9,송골길 23-9
4.21301E+18,무실동 1113-3,송삼길 216-34
4.21303E+18,호저면 대덕리 502-2,쇠절이길 66-22
4.21304E+18,흥업면 대안리 393-43,승안동길 51-27
4.21304E+18,신림면 금창리 865-1,심박골길 245
4.21304E+18,신림면 신림리 225-2,언당길 41
4.21304E+18,신림면 신림리 851,역골길 91-37
4.21301E+18,행구동 1713-29,영랑길 13-1
4.21301E+18,반곡동 1454,오리현길 55
4.21301E+18,반곡동 1522,오리현길 26
4.21301E+18,반곡동 1443-14,오리현길 71-1
4.21301E+18,단구동 1721,오성마을길 63-25
4.21301E+18,단구동 1721,오성마을길 63-25
4.21303E+18,지정면 간현리 273,오얏길 26
4.21303E+18,지정면 가곡리 838-32,요대길 24-12
4.21304E+18,신림면 용암리 701-52,용소막길 46-9
4.21304E+18,귀래면 운계리 274,운계다둔길 53-13
4.21304E+18,귀래면 운남리 364,운남길 147-2
4.21301E+18,태장동 43-5,육판길 127
4.21301E+18,단계동 886-6,이화6길 21
4.21303E+18,호저면 주산리 455-2,자은동길 59-8
4.21301E+18,태장동 1547-5,장전길 78
4.21303E+18,호저면 무장리 297,장포안길 46
4.21303E+18,호저면 무장리 254-1,장포안길 75-12
4.21301E+18,가현동 664,저금어지길 330
4.21304E+18,신림면 용암리 611-2,정암길 57-8
4.21303E+18,호저면 만종리 829,중부동2길 4-11
4.21303E+18,호저면 만종리 807-1,중부동2길 36-1
4.21303E+18,문막읍 건등리 78,지샘등안길 39-18
4.21303E+18,지정면 가곡리 221-1,지촌안길 13
4.21301E+18,우산동 307-1,진광길 50
4.21301E+18,우산동 102-6,진광길 11-10
4.21301E+18,단구동 1534-2,천매봉길 85
4.21304E+18,신림면 성남리 105-1,축치동길 2
4.21301E+18,태장동 2488,태장공단길 77
4.21301E+18,단구동 1625-12,토지길 13-5
4.21304E+18,흥업면 사제리 1295,팔포길 56
4.21303E+18,소초면 평장리 980-1,평장골말길 8-32
4.21303E+18,소초면 흥양리 327-7,하초구길 223-12
4.21304E+18,부론면 정산리 558,학고개길 75
4.21304E+18,부론면 정산리 558,학고개길 75
4.21304E+18,부론면 정산리 558,학고개길 75
4.21304E+18,부론면 정산리 477,학고개길 75
4.21304E+18,부론면 정산리 477,학고개길 75
4.21304E+18,흥업면 흥업리 1749-7,한라대길 11-1
4.21304E+18,흥업면 흥업리 883-2,한라대길 12-16
4.21304E+18,판부면 금대리 551-1,한여마을길 118
4.21303E+18,호저면 대덕리 1015-5,한터길 70-37
4.21301E+18,행구동 1008-4,행구덕현길 56
4.21301E+18,태장동 950-2,현충로232번길 12-1
4.21301E+18,태장동 1386-16,현충로322번길 1
4.21301E+18,행구동 1550-2,화실유암길 92-28
4.21303E+18,문막읍 후용리 542-1,후용양지길 23-2
4.21303E+18,지정면 안창리 497-8,흥법사지길 215
4.21303E+18,지정면 안창리 497-5,흥법사지길 218
4.21301E+18,태장동 546-109,흥양로102번길 5
4.21301E+18,태장동 1054-34,흥양로18번길 33
4.21301E+18,태장동 2793,흥양로51번길 40
4.21304E+18,흥업면 매지리 153-7,분지동1길 54
4.21303E+18,호저면 무장리 604,호매곡1길 302
4.21303E+18,호저면 주산리 320-14,호매곡1길 33
4.21301E+18,무실동 1804-3,무실새골길 60
4.21301E+18,무실동 1876-9,솔우물2길 45
4.21304E+18,흥업면 대안리 842-6,대안천길 52-26
4.21304E+18,흥업면 대안리 779-35,대안천길 52-12
4.21304E+18,흥업면 대안리 779-23,대안천길 52-32
4.21304E+18,흥업면 대안리 779-12,대안천길 52-31
4.21301E+18,단계동 1202-5,바우골길 22-4
4.21301E+18,단계동 1200-2,바우골길 14
4.21301E+18,반곡동 1950-2,금두길 14-1
4.21301E+18,반곡동 1991-16,봉황3길 11
4.21301E+18,반곡동 2039-25,달마중2길 60
4.21301E+18,반곡동 2038-5,달마중2길 8-1
4.21301E+18,반곡동 2031-10,달마중2길 5-8
4.21301E+18,반곡동 110-5,뱅이둑길 77-37
4.21303E+18,지정면 가곡리 1438-6,능마루길 12-1
4.21303E+18,지정면 가곡리 1436-6,능마루길 25-1
4.21301E+18,명륜동 779,서원대로 308-6
4.21304E+18,신림면 구학리 260,구학산로 1599
4.21304E+18,신림면 황둔리 1536-1,신림황둔로 693
4.21304E+18,신림면 황둔리 1536-1,신림황둔로 693
4.21304E+18,신림면 성남리 97,신림황둔로 281-16
4.21303E+18,지정면 월송리 920-11,월송석화로 498
4.21303E+18,호저면 광격리 1017-3,광학로 141-1
4.21303E+18,지정면 간현리 665-6,간현로 122-52
4.21303E+18,문막읍 건등리 1706-6,건등로 24
4.21304E+18,부론면 노림리 1297,견훤로 689-38
4.21304E+18,부론면 노림리 17-12,견훤로 770-5
4.21303E+18,문막읍 후용리 1534-1,견훤로 941-102
4.21303E+18,문막읍 후용리 502,견훤로 856-1
4.21303E+18,문막읍 후용리 487-8,견훤로 862-6
4.21303E+18,문막읍 후용리 487-4,견훤로 862-5
4.21303E+18,소초면 학곡리 1073-1,구룡사로 331-47
4.21304E+18,귀래면 귀래리 1788-3,귀문로 638-1
4.21304E+18,귀래면 귀래리 899,귀문로 323-3
4.21304E+18,귀래면 귀래리 630-6,귀문로 406-1
4.21301E+18,일산동 274-12,남산로 113-3
4.21301E+18,일산동 274-4,남산로 115
4.21304E+18,흥업면 흥업리 727-1,남원로 111-17
4.21304E+18,흥업면 흥업리 716-1,남원로 99-10
4.21301E+18,단계동 795-1,단구로 45-21
4.21304E+18,흥업면 대안리 2115-2,대안로 456
4.21304E+18,흥업면 대안리 1769-1,대안로 603
4.21303E+18,문막읍 동화리 1667-1,동화공단로 107-1
4.21301E+18,무실동 415,만대로 16-18
4.21303E+18,지정면 보통리 409-3,보통로 319
4.21301E+18,봉산동 1135,봉산로 22-10
4.21301E+18,봉산동 858-8,봉산로 147-1
4.21301E+18,단계동 505-7,봉화로 150-1
4.21301E+18,단계동 455-37,봉화로 95-1
4.21304E+18,부론면 정산리 1859-4,부론로 324
4.21304E+18,부론면 정산리 1599-2,부론로 544
4.21304E+18,부론면 법천리 145-16,부론로 85-7
4.21304E+18,흥업면 사제리 531-3,사제로 401-30
4.21304E+18,흥업면 사제리 106,사제로 537
4.21304E+18,흥업면 흥업리 1448,사제로 204
4.21303E+18,지정면 신평리 231-13,신무로 80
4.21301E+18,우산동 390-3,우산로 177
4.21303E+18,소초면 흥양리 87,운곡로 310
4.21303E+18,소초면 흥양리 87,운곡로 310
4.21301E+18,행구동 383-7,운곡로 254-15
4.21303E+18,호저면 만종리 631-4,원문로 548-11
4.21303E+18,문막읍 대둔리 108,원문로 2726
4.21303E+18,문막읍 대둔리 108,원문로 2726
4.21303E+18,문막읍 대둔리 83,원문로 2716-41
4.21303E+18,문막읍 반계리 2262-1,원문로 2075
4.21303E+18,문막읍 반계리 807-11,원문로 2561-6
4.21303E+18,문막읍 반계리 790-4,원문로 2561-2
4.21303E+18,문막읍 반계리 758-1,원문로 2535
4.21303E+18,지정면 안창리 643-9,원양2로 35-2
4.21303E+18,소초면 수암리 1170-4,장수2로 204
4.21303E+18,소초면 장양리 363,장수2로 151
4.21303E+18,지정면 가곡리 1476,조엄로 393
4.21303E+18,지정면 가곡리 1476,조엄로 393
4.21303E+18,지정면 가곡리 1470-1,조엄로 397
4.21303E+18,지정면 가곡리 1470-1,조엄로 397
4.21303E+18,지정면 가곡리 935-7,조엄로 181
4.21303E+18,지정면 가곡리 142-4,지래울로 110-27
4.21303E+18,지정면 가곡리 142-4,지래울로 110-27
4.21303E+18,지정면 가곡리 142-4,지래울로 110-27
4.21303E+18,지정면 판대리 151,지정로 984
4.21303E+18,지정면 간현리 890-2,지정로 295
4.21303E+18,문막읍 취병리 665-3,취병로 299
4.21303E+18,문막읍 취병리 665-3,취병로 299
4.21301E+18,태장동 2796,치악로 1989
4.21304E+18,신림면 금창리 566,치악로 427-7
4.21304E+18,신림면 신림리 690-5,치악로 9
4.21301E+18,관설동 676-1,치악로 1306
4.21303E+18,호저면 산현리 513-13,칠봉로 604-16
4.21301E+18,학성동 365-9,평원로 150
4.21301E+18,태장동 577-27,포란재로 46
4.21301E+18,행구동 1552-1,행구로 267-25
4.21301E+18,행구동 200-22,행구로 481
4.21301E+18,행구동 185-5,행구로 462
4.21301E+18,개운동 397-20,행구로 8
4.21301E+18,태장동 1285-1,현충로 304-9
4.21301E+18,태장동 692-2,현충로 54
4.21303E+18,소초면 흥양리 319-23,황골로 455-18
4.21303E+18,소초면 흥양리 49-2,황골로 487-21
4.21304E+18,귀래면 운남리 1029-7,북원로 172
4.21303E+18,소초면 장양리 1310,북원로 2955
4.21303E+18,소초면 장양리 1310,북원로 2955
4.21303E+18,소초면 장양리 1310,북원로 2955
4.21303E+18,소초면 장양리 1310,북원로 2955
4.21301E+18,태장동 1969,북원로 2852
4.21301E+18,우산동 88-2,북원로 2505
4.21304E+18,신림면 성남리 409-5,성남로 169-34
4.21301E+18,단계동 1186-8,봉화서부로 15-1
4.21301E+18,단계동 1179,봉화서부로 6-1
4.21301E+18,반곡동 1963-25,혁신로 301-27
4.21301E+18,반곡동 1889,양지로 46
4.21301E+18,반곡동 1910-10,세계로 27
4.21303E+18,지정면 가곡리 1292,기업도시로 245
4.21303E+18,지정면 가곡리 1512,신지정로 250
4.21303E+18,지정면 가곡리 1501,신지정로 300
4.21303E+18,지정면 가곡리 1495-1,신지정로 322
4.21303E+18,지정면 가곡리 1468,신지정로 255
4.21303E+18,지정면 가곡리 1468,신지정로 255
4.21303E+18,지정면 가곡리 1427-2,신지정로 153-46
4.21303E+18,지정면 가곡리 1424-6,신지정로 153-29
4.21303E+18,지정면 가곡리 1400-2,신지정로 173
4.21303E+18,지정면 가곡리 1378-3,신지정로 193-2
4.21303E+18,지정면 가곡리 461-2,가곡로 40
4.21303E+18,지정면 가곡리 769-1,가곡새말길 14-1
4.21303E+18,지정면 가곡리 769,가곡새말길 16
4.21301E+18,가현동 255,가치래미길 39
4.21301E+18,관설동 1644-4,갈촌길 104-84
4.21301E+18,관설동 1595-19,갈촌길 99-12
4.21301E+18,관설동 1595-12,갈촌길 97-1
4.21301E+18,관설동 1569-1,갈촌길 104-48
4.21303E+18,호저면 만종리 436,감박산길 66
4.21303E+18,소초면 수암리 1527,갓바우길 95
4.21303E+18,소초면 수암리 1498,갓바우길 171
4.21301E+18,봉산동 767,개륜1길 59
4.21301E+18,봉산동 957-14,개륜2길 4-1
4.21304E+18,신림면 송계리 413,계야길 65-7
4.21304E+18,신림면 송계리 413,계야길 65-7
4.21301E+18,행구동 741-1,고문골길 27
4.21303E+18,호저면 고산리 587-2,고산안골길 102-6
4.21304E+18,귀래면 귀래리 102-5,곰네미길 23-12
4.21304E+18,귀래면 귀래리 192,귀래동막길 16
4.21301E+18,행구동 59-23,꽃밭머리길 13
4.21301E+18,명륜동 282-2,남원로612번길 8-1
4.21304E+18,판부면 서곡리 330-11,내남송길 96-10
4.21303E+18,소초면 흥양리 1361-20,노루고개길 30-28
4.21303E+18,호저면 대덕리 1105-7,노월길 147-9
4.21304E+18,흥업면 대안리 909-4,대안은행정길 102
4.21303E+18,소초면 흥양리 168-14,대왕고개길 58-5
4.21303E+18,소초면 흥양리 295-28,대왕고개길 58
4.21303E+18,소초면 흥양리 295-24,대왕고개길 45
4.21304E+18,흥업면 매지리 1729,더덕골길 18-12
4.21301E+18,행구동 48-38,덕성길 46-35
4.21303E+18,소초면 평장리 524-3,도도리길 116-14
4.21301E+18,일산동 234-50,동진골1길 73
4.21301E+18,일산동 187-50,동진골1길 37
4.21303E+18,문막읍 동화리 76-14,동화큰골길 26-9
4.21304E+18,흥업면 대안리 492,돼니길 60-1
4.21303E+18,호저면 옥산리 167,마근거리길 97
4.21303E+18,호저면 주산리 20-1,막골길 186-8
4.21303E+18,문막읍 궁촌리 1966,만디길 25-43
4.21303E+18,문막읍 궁촌리 1966,만디길 25-43
4.21303E+18,문막읍 궁촌리 1039,만디길 139
4.21303E+18,소초면 학곡리 856-4,무쇠점1길 12-5
4.21304E+18,흥업면 매지리 434-2,무수막1길 20
4.21304E+18,흥업면 매지리 405-21,무수막1길 5
4.21303E+18,문막읍 반계리 2239,문막공단길 106
4.21303E+18,문막읍 반계리 2225,문막공단길 194
4.21303E+18,문막읍 반계리 2225,문막공단길 194
4.21304E+18,귀래면 주포리 231-2,미륵산길 407-1
4.21304E+18,귀래면 주포리 103-18,미륵산길 155-20
4.21304E+18,귀래면 운계리 1244-3,미륵산길 18
4.21304E+18,귀래면 운계리 1228,미륵산길 34-14
4.21301E+18,반곡동 1585-10,반곡길 85-1
4.21304E+18,신림면 구학리 39-4,방학동길 21-25
4.21304E+18,판부면 서곡리 1346,백운정윗길 77
4.21304E+18,판부면 서곡리 1339-14,백운정윗길 34-13
4.21303E+18,소초면 둔둔리 769,버덩마을길 7
4.21304E+18,부론면 법천리 1520-8,법천시장길 42-48
4.21304E+18,부론면 법천리 1449-4,법천시장길 59
4.21304E+18,흥업면 사제리 754-21,복거리길 62-1
4.21301E+18,행구동 1444,봉대길 20-4
4.21304E+18,흥업면 사제리 637,봉현길 38
4.21304E+18,흥업면 사제리 79,봉현길 118-16
4.21304E+18,흥업면 사제리 73-1,봉현길 118-14
4.21303E+18,소초면 장양리 845,부안동길 20
4.21303E+18,소초면 장양리 845,부안동길 20
4.21301E+18,태장동 1378-10,북원상가길 17-2
4.21304E+18,흥업면 매지리 33-18,분지동길 166-2
4.21303E+18,문막읍 비두리 1008,비두네미1길 13
4.21304E+18,부론면 단강리 480,사기막길 4
4.21304E+18,부론면 단강리 348,사기막길 49-15
4.21304E+18,부론면 단강리 348,사기막길 49-15
4.21304E+18,부론면 단강리 348,사기막길 49-15
4.21304E+18,부론면 단강리 313-18,사기막길 87-16
4.21303E+18,문막읍 반계리 862-13,사자골길 314
4.21303E+18,문막읍 반계리 862,사자골길 314
4.21303E+18,문막읍 반계리 862,사자골길 314
4.21303E+18,문막읍 비두리 2265-2,사흥길 39
4.21303E+18,지정면 판대리 231,삼태울길 72
4.21303E+18,호저면 매호리 128,새매기길 34
4.21304E+18,판부면 서곡리 1204-13,서곡길 329-10
4.21304E+18,판부면 서곡리 454-9,서곡널다리길 43
4.21304E+18,신림면 구학리 156-3,선학길 108
4.21304E+18,신림면 구학리 137,선학길 100
4.21301E+18,관설동 426-1,섭재길 91-3
4.21301E+18,반곡동 605-26,섭재삼보길 160-20
4.21301E+18,관설동 280-2,세교길 5-20
4.21303E+18,문막읍 동화리 1703,세오름길 38
4.21303E+18,문막읍 동화리 1703,세오름길 38
4.21303E+18,지정면 간현리 1056-16,소금산길 44
4.21304E+18,부론면 손곡리 541-7,손곡새말길 38-39
4.21304E+18,부론면 손곡리 541-7,손곡새말길 38-39
4.21301E+18,무실동 1154-8,송삼길 142
4.21303E+18,소초면 흥양리 1096,송황유사길 258
4.21303E+18,소초면 수암리 1316,수래울길 90-10
4.21304E+18,흥업면 대안리 700-4,승안동길 146-6
4.21304E+18,흥업면 대안리 700-4,승안동길 146-6
4.21304E+18,흥업면 대안리 693-8,승안동길 146-4
4.21304E+18,흥업면 대안리 664-40,승안동길 146-67
4.21303E+18,소초면 수암리 1002,신양선녀길 262-7
4.21303E+18,소초면 수암리 977-1,신양선녀길 262-39
4.21301E+18,단구동 1692-13,앙월길 29
4.21301E+18,행구동 1512-108,영랑길 107-11
4.21303E+18,호저면 광격리 227-1,영산길 141
4.21301E+18,반곡동 1516-4,오리현길 16-13
4.21303E+18,지정면 간현리 273,오얏길 26
4.21303E+18,지정면 가곡리 112-44,요대길 24-21
4.21303E+18,지정면 가곡리 838-35,요대길 24-20
4.21303E+18,지정면 가곡리 838-34,요대길 24-22
4.21303E+18,지정면 가곡리 838-27,요대길 24-10
4.21303E+18,지정면 가곡리 838-26,요대길 16-9
4.21303E+18,지정면 가곡리 151-5,요대길 30-1
4.21304E+18,판부면 서곡리 863,용수골길 89-6
4.21304E+18,판부면 서곡리 273-10,용수골길 133
4.21301E+18,봉산동 902-241,우물시장길 68-6
4.21301E+18,우산동 639-4,유원길 87
4.21301E+18,태장동 736-8,육판길 31
4.21301E+18,태장동 41-3,육판길 144
4.21301E+18,무실동 821-1,은행정길 52-2
4.21301E+18,단계동 895-4,이화6길 53
4.21304E+18,부론면 손곡리 1208-2,임경업길 28
4.21303E+18,지정면 월송리 561-1,자작길 73
4.21303E+18,지정면 보통리 629-3,작압길 61-12
4.21303E+18,지정면 보통리 354-5,작압길 80-54
4.21303E+18,지정면 보통리 354-5,작압길 80-54
4.21301E+18,태장동 399-1,적동1길 160-10
4.21304E+18,부론면 정산리 1048-2,정산음촌길 25
4.21301E+18,학성동 340-5,정지길 222-7
4.21301E+18,무실동 1083,지니기길 80
4.21301E+18,무실동 707-20,지니기길 55-19
4.21304E+18,귀래면 용암리 347,지둔길 90-42
4.21303E+18,문막읍 건등리 78,지샘등안길 39-18
4.21303E+18,문막읍 건등리 1146-19,지샘등안길 39-30
4.21303E+18,문막읍 건등리 1144-3,지샘등안길 39-20
4.21303E+18,문막읍 건등리 1144-3,지샘등안길 39-20
4.21301E+18,우산동 307-1,진광길 50
4.21304E+18,신림면 황둔리 1614-5,창촌길 75-3
4.21304E+18,신림면 성남리 34,축치동길 101
4.21301E+18,단구동 114-13,치악로1570번길 6
4.21303E+18,문막읍 동화리 1166-1,큰애니길 46
4.21303E+18,문막읍 동화리 1166-1,큰애니길 46
4.21303E+18,소초면 장양리 1317-6,태장공단길 42-21
4.21304E+18,흥업면 사제리 1295,팔포길 56
4.21303E+18,소초면 평장리 84-2,평장안골1길 165
4.21303E+18,호저면 주산리 799-4,평천2길 9-21
4.21303E+18,소초면 흥양리 384,하초구길 163-9
4.21304E+18,부론면 정산리 477,학고개길 75
4.21304E+18,부론면 정산리 477,학고개길 75
4.21304E+18,귀래면 운남리 965-7,한치길 11-5
4.21303E+18,호저면 대덕리 703-1,한터길 112
4.21304E+18,흥업면 대안리 146,해삼터길 80-5
4.21304E+18,흥업면 대안리 50-6,해삼터길 119-11
4.21301E+18,무실동 1115-1,행가리1길 4-2
4.21301E+18,행구동 774-2,행구덕현길 81-15
4.21301E+18,행구동 1171-32,화실유암길 229
4.21301E+18,행구동 1171-24,화실유암길 229-14
4.21304E+18,신림면 송계리 352-8,회봉산길 55
4.21304E+18,신림면 금창리 52-1,흑천길 71-14
4.21301E+18,태장동 2793,흥양로51번길 40
4.21301E+18,태장동 2793,흥양로51번길 40
4.21301E+18,태장동 2793,흥양로51번길 40
4.21301E+18,태장동 2793,흥양로51번길 40
4.21304E+18,흥업면 흥업리 1405-3,흥업신촌길 22
4.21304E+18,흥업면 매지리 153-70,분지동1길 59
4.21301E+18,행구동 500-124,청솔길 41
4.21301E+18,행구동 500-124,청솔길 41
4.21303E+18,호저면 무장리 620-7,호매곡1길 352-1
4.21303E+18,호저면 주산리 320-15,호매곡1길 31
4.21303E+18,호저면 주산리 271-2,호매곡1길 85
4.21301E+18,무실동 1809-13,무실새골길 21
4.21301E+18,단계동 1211-15,전망길 15-1
4.21301E+18,반곡동 1953-10,금두길 28
4.21301E+18,반곡동 1990-2,봉황1길 18
4.21301E+18,반곡동 1991-17,봉황3길 9
4.21301E+18,반곡동 1988-5,봉황3길 8
4.21301E+18,반곡동 1988-2,봉황3길 2-1
4.21301E+18,반곡동 2003-2,해오름1길 1
4.21303E+18,지정면 가곡리 1436-10,능마루길 21-1
4.21303E+18,지정면 가곡리 1434-2,능마루길 35
